ID_Venda;Data;ID_Produto;ID_Cliente;ID_Vendedor;Quantidade;Preco_Unitario;Desconto_Pct;Valor_Bruto;Valor_Desconto;Valor_Total;Canal_Venda;arquivo_origem
V00001;2024-03-04;P013;C003;V07;1;150.36;0.05;150.36;7.52;142.84;Marketplace;dataset_vendas_fake.xlsx
V00002;2024-10-22;P007;C023;V05;1;2478.75;0.0;2478.75;0.0;2478.75;Loja Física;dataset_vendas_fake.xlsx
V00003;2024-12-04;P008;C025;V08;1;1863.79;0.0;1863.79;0.0;1863.79;Loja Física;dataset_vendas_fake.xlsx
V00004;2024-04-29;P004;C013;V07;2;226.3;0.2;452.6;90.52;362.08;Vendedor Externo;dataset_vendas_fake.xlsx
V00005;2024-11-21;P012;C006;V06;2;860.81;0.0;1721.62;0.0;1721.62;Marketplace;dataset_vendas_fake.xlsx
V00006;2024-04-17;P009;C023;V05;1;339.12;0.0;339.12;0.0;339.12;E-commerce;dataset_vendas_fake.xlsx
V00007;2024-09-30;P008;C006;V06;1;1622.32;0.0;1622.32;0.0;1622.32;Vendedor Externo;dataset_vendas_fake.xlsx
V00008;2024-05-18;P018;C008;V08;1;838.4;0.0;838.4;0.0;838.4;Loja Física;dataset_vendas_fake.xlsx
V00009;2024-04-27;P002;C026;V07;1;4269.47;0.0;4269.47;0.0;4269.47;Vendedor Externo;dataset_vendas_fake.xlsx
V00010;2024-05-17;P003;C007;V06;1;65.58;0.0;65.58;0.0;65.58;E-commerce;dataset_vendas_fake.xlsx
V00011;2024-12-01;P016;C013;V07;2;628.65;0.0;1257.3;0.0;1257.3;E-commerce;dataset_vendas_fake.xlsx
V00012;2024-05-15;P005;C008;V08;4;2381.96;0.1;9527.84;952.78;8575.06;Vendedor Externo;dataset_vendas_fake.xlsx
V00013;2024-10-25;P013;C012;V01;1;122.0;0.0;122.0;0.0;122.0;E-commerce;dataset_vendas_fake.xlsx
V00014;2024-09-17;P016;C003;V02;1;620.5;0.0;620.5;0.0;620.5;Loja Física;dataset_vendas_fake.xlsx
V00015;2024-03-19;P006;C026;V07;1;1097.78;0.0;1097.78;0.0;1097.78;Loja Física;dataset_vendas_fake.xlsx
V00016;2024-07-16;P013;C020;V06;2;129.11;0.0;258.22;0.0;258.22;Marketplace;dataset_vendas_fake.xlsx
V00017;2024-10-10;P001;C022;V01;1;4207.04;0.2;4207.04;841.41;3365.63;Marketplace;dataset_vendas_fake.xlsx
V00018;2024-11-24;P011;C004;V06;2;1405.15;0.1;2810.3;281.03;2529.27;Vendedor Externo;dataset_vendas_fake.xlsx
V00019;2024-03-21;P015;C001;V06;1;330.26;0.0;330.26;0.0;330.26;E-commerce;dataset_vendas_fake.xlsx
V00020;2024-09-16;P004;C028;V05;1;227.85;0.0;227.85;0.0;227.85;E-commerce;dataset_vendas_fake.xlsx
V00021;2024-03-19;P012;C025;V03;1;874.23;0.1;874.23;87.42;786.81;Loja Física;dataset_vendas_fake.xlsx
V00022;2024-11-02;P011;C016;V02;1;1200.01;0.0;1200.01;0.0;1200.01;Loja Física;dataset_vendas_fake.xlsx
V00023;2024-07-04;P010;C008;V03;1;489.85;0.0;489.85;0.0;489.85;E-commerce;dataset_vendas_fake.xlsx
V00024;2024-10-17;P003;C003;V07;5;68.41;0.0;342.05;0.0;342.05;Loja Física;dataset_vendas_fake.xlsx
V00025;2024-09-29;P005;C005;V06;1;2303.12;0.05;2303.12;115.16;2187.96;E-commerce;dataset_vendas_fake.xlsx
V00026;2024-05-15;P017;C028;V05;2;577.58;0.0;1155.16;0.0;1155.16;E-commerce;dataset_vendas_fake.xlsx
V00027;2024-10-03;P007;C023;V05;1;2452.05;0.1;2452.05;245.21;2206.84;Vendedor Externo;dataset_vendas_fake.xlsx
V00028;2024-12-09;P012;C015;V08;2;887.78;0.0;1775.56;0.0;1775.56;Loja Física;dataset_vendas_fake.xlsx
V00029;2024-05-06;P008;C003;V07;1;1636.58;0.05;1636.58;81.83;1554.75;Loja Física;dataset_vendas_fake.xlsx
V00030;2024-10-28;P018;C008;V03;2;967.53;0.0;1935.06;0.0;1935.06;Loja Física;dataset_vendas_fake.xlsx
V00031;2024-02-06;P002;C008;V03;1;4198.98;0.05;4198.98;209.95;3989.03;Loja Física;dataset_vendas_fake.xlsx
V00032;2024-06-18;P003;C017;V04;1;68.39;0.0;68.39;0.0;68.39;Marketplace;dataset_vendas_fake.xlsx
V00033;2024-12-08;P016;C007;V01;1;671.83;0.0;671.83;0.0;671.83;Vendedor Externo;dataset_vendas_fake.xlsx
V00034;2024-05-04;P016;C026;V07;1;605.28;0.0;605.28;0.0;605.28;E-commerce;dataset_vendas_fake.xlsx
V00035;2024-02-18;P004;C022;V06;1;257.04;0.15;257.04;38.56;218.48;Marketplace;dataset_vendas_fake.xlsx
V00036;2024-08-04;P014;C015;V03;1;104.52;0.05;104.52;5.23;99.29;Loja Física;dataset_vendas_fake.xlsx
V00037;2024-02-01;P013;C024;V06;1;121.31;0.0;121.31;0.0;121.31;Loja Física;dataset_vendas_fake.xlsx
V00038;2024-05-07;P007;C007;V06;1;2993.25;0.1;2993.25;299.32;2693.93;E-commerce;dataset_vendas_fake.xlsx
V00039;2024-08-04;P006;C009;V06;2;1088.51;0.1;2177.02;217.7;1959.32;E-commerce;dataset_vendas_fake.xlsx
V00040;2024-02-08;P015;C026;V02;1;328.1;0.0;328.1;0.0;328.1;Loja Física;dataset_vendas_fake.xlsx
V00041;2024-11-29;P018;C027;V04;2;969.45;0.0;1938.9;0.0;1938.9;Loja Física;dataset_vendas_fake.xlsx
V00042;2024-05-01;P006;C014;V04;1;930.84;0.0;930.84;0.0;930.84;Vendedor Externo;dataset_vendas_fake.xlsx
V00043;2024-04-19;P013;C029;V01;2;147.37;0.0;294.74;0.0;294.74;E-commerce;dataset_vendas_fake.xlsx
V00044;2024-07-13;P001;C013;V07;1;4467.5;0.0;4467.5;0.0;4467.5;Vendedor Externo;dataset_vendas_fake.xlsx
V00045;2024-05-26;P014;C023;V05;1;102.61;0.15;102.61;15.39;87.22;E-commerce;dataset_vendas_fake.xlsx
V00046;2024-04-07;P010;C007;V01;1;458.1;0.05;458.1;22.9;435.2;Loja Física;dataset_vendas_fake.xlsx
V00047;2024-06-09;P002;C002;V06;1;4452.35;0.2;4452.35;890.47;3561.88;E-commerce;dataset_vendas_fake.xlsx
V00048;2024-01-30;P017;C003;V02;1;541.13;0.0;541.13;0.0;541.13;Loja Física;dataset_vendas_fake.xlsx
V00049;2024-10-31;P003;C022;V01;1;56.83;0.0;56.83;0.0;56.83;Vendedor Externo;dataset_vendas_fake.xlsx
V00050;2024-03-02;P019;C008;V03;1;431.13;0.0;431.13;0.0;431.13;Loja Física;dataset_vendas_fake.xlsx
V00051;2024-08-02;P019;C019;V05;3;453.51;0.0;1360.53;0.0;1360.53;Marketplace;dataset_vendas_fake.xlsx
V00052;2024-04-14;P011;C008;V08;1;1419.53;0.0;1419.53;0.0;1419.53;Vendedor Externo;dataset_vendas_fake.xlsx
V00053;2024-03-08;P010;C015;V08;2;485.3;0.0;970.6;0.0;970.6;Loja Física;dataset_vendas_fake.xlsx
V00054;2024-01-05;P015;C020;V01;2;289.53;0.0;579.06;0.0;579.06;Loja Física;dataset_vendas_fake.xlsx
V00055;2024-10-02;P007;C017;V04;2;2731.29;0.0;5462.58;0.0;5462.58;E-commerce;dataset_vendas_fake.xlsx
V00056;2024-06-27;P003;C029;V01;2;61.3;0.0;122.6;0.0;122.6;Marketplace;dataset_vendas_fake.xlsx
V00057;2024-05-25;P006;C015;V08;1;1019.77;0.0;1019.77;0.0;1019.77;Loja Física;dataset_vendas_fake.xlsx
V00058;2024-12-07;P018;C010;V02;1;886.12;0.0;886.12;0.0;886.12;E-commerce;dataset_vendas_fake.xlsx
V00059;2024-05-15;P004;C029;V01;2;235.99;0.0;471.98;0.0;471.98;E-commerce;dataset_vendas_fake.xlsx
V00060;2024-05-19;P010;C020;V01;1;504.91;0.0;504.91;0.0;504.91;Marketplace;dataset_vendas_fake.xlsx
V00061;2024-04-14;P009;C017;V04;1;322.43;0.15;322.43;48.36;274.07;Marketplace;dataset_vendas_fake.xlsx
V00062;2024-01-27;P003;C021;V07;3;60.31;0.0;180.93;0.0;180.93;Marketplace;dataset_vendas_fake.xlsx
V00063;2024-01-23;P001;C011;V03;2;4621.82;0.0;9243.64;0.0;9243.64;Marketplace;dataset_vendas_fake.xlsx
V00064;2024-03-23;P015;C018;V05;1;269.34;0.1;269.34;26.93;242.41;Loja Física;dataset_vendas_fake.xlsx
V00065;2024-02-27;P003;C029;V01;3;66.22;0.0;198.66;0.0;198.66;Loja Física;dataset_vendas_fake.xlsx
V00066;2024-07-08;P019;C018;V05;1;511.39;0.1;511.39;51.14;460.25;Vendedor Externo;dataset_vendas_fake.xlsx
V00067;2024-03-06;P002;C010;V07;3;4264.28;0.0;12792.84;0.0;12792.84;Loja Física;dataset_vendas_fake.xlsx
V00068;2024-07-02;P007;C022;V01;1;2482.48;0.1;2482.48;248.25;2234.23;Loja Física;dataset_vendas_fake.xlsx
V00069;2024-06-30;P018;C029;V06;2;777.0;0.0;1554.0;0.0;1554.0;E-commerce;dataset_vendas_fake.xlsx
V00070;2024-05-01;P006;C026;V02;2;876.24;0.0;1752.48;0.0;1752.48;Vendedor Externo;dataset_vendas_fake.xlsx
V00071;2024-01-13;P006;C024;V06;1;1044.51;0.0;1044.51;0.0;1044.51;Vendedor Externo;dataset_vendas_fake.xlsx
V00072;2024-12-08;P008;C009;V01;1;1799.12;0.0;1799.12;0.0;1799.12;Loja Física;dataset_vendas_fake.xlsx
V00073;2024-07-14;P002;C028;V05;1;4231.56;0.0;4231.56;0.0;4231.56;E-commerce;dataset_vendas_fake.xlsx
V00074;2024-04-12;P015;C012;V06;2;310.83;0.0;621.66;0.0;621.66;E-commerce;dataset_vendas_fake.xlsx
V00075;2024-04-24;P001;C022;V01;1;4411.84;0.0;4411.84;0.0;4411.84;Vendedor Externo;dataset_vendas_fake.xlsx
V00076;2024-06-17;P009;C028;V05;1;397.64;0.0;397.64;0.0;397.64;Marketplace;dataset_vendas_fake.xlsx
V00077;2024-06-28;P017;C013;V07;3;558.94;0.05;1676.82;83.84;1592.98;Loja Física;dataset_vendas_fake.xlsx
V00078;2024-02-29;P009;C006;V06;1;362.98;0.0;362.98;0.0;362.98;Loja Física;dataset_vendas_fake.xlsx
V00079;2024-02-25;P020;C014;V04;1;195.37;0.0;195.37;0.0;195.37;Marketplace;dataset_vendas_fake.xlsx
V00080;2024-08-11;P020;C017;V04;1;191.87;0.0;191.87;0.0;191.87;Vendedor Externo;dataset_vendas_fake.xlsx
V00081;2024-10-22;P007;C009;V01;4;3009.36;0.15;12037.44;1805.62;10231.82;Vendedor Externo;dataset_vendas_fake.xlsx
V00082;2024-01-01;P017;C030;V03;1;477.06;0.15;477.06;71.56;405.5;Marketplace;dataset_vendas_fake.xlsx
V00083;2024-08-08;P003;C022;V06;1;71.47;0.2;71.47;14.29;57.18;Marketplace;dataset_vendas_fake.xlsx
V00084;2024-12-05;P004;C024;V06;3;243.55;0.0;730.65;0.0;730.65;Marketplace;dataset_vendas_fake.xlsx
V00085;2024-12-07;P014;C011;V08;3;102.07;0.0;306.21;0.0;306.21;Marketplace;dataset_vendas_fake.xlsx
V00086;2024-10-10;P005;C007;V06;1;2366.48;0.0;2366.48;0.0;2366.48;Vendedor Externo;dataset_vendas_fake.xlsx
V00087;2024-12-12;P006;C020;V06;1;898.81;0.0;898.81;0.0;898.81;Vendedor Externo;dataset_vendas_fake.xlsx
V00088;2024-10-07;P001;C010;V07;5;4156.89;0.0;20784.45;0.0;20784.45;E-commerce;dataset_vendas_fake.xlsx
V00089;2024-08-08;P019;C020;V06;3;513.15;0.0;1539.45;0.0;1539.45;Vendedor Externo;dataset_vendas_fake.xlsx
V00090;2024-08-14;P015;C022;V01;2;288.92;0.0;577.84;0.0;577.84;Vendedor Externo;dataset_vendas_fake.xlsx
V00091;2024-03-27;P003;C010;V07;2;69.01;0.1;138.02;13.8;124.22;Loja Física;dataset_vendas_fake.xlsx
V00092;2024-04-30;P010;C008;V03;3;457.27;0.0;1371.81;0.0;1371.81;E-commerce;dataset_vendas_fake.xlsx
V00093;2024-01-13;P002;C008;V08;2;4136.96;0.05;8273.92;413.7;7860.22;Loja Física;dataset_vendas_fake.xlsx
V00094;2024-08-21;P014;C029;V01;2;117.11;0.0;234.22;0.0;234.22;Vendedor Externo;dataset_vendas_fake.xlsx
V00095;2024-09-10;P013;C008;V03;1;121.87;0.0;121.87;0.0;121.87;Loja Física;dataset_vendas_fake.xlsx
V00096;2024-02-24;P014;C008;V03;1;105.97;0.0;105.97;0.0;105.97;Vendedor Externo;dataset_vendas_fake.xlsx
V00097;2024-01-26;P018;C008;V03;1;903.21;0.0;903.21;0.0;903.21;Vendedor Externo;dataset_vendas_fake.xlsx
V00098;2024-03-09;P015;C022;V06;1;322.96;0.0;322.96;0.0;322.96;Vendedor Externo;dataset_vendas_fake.xlsx
V00099;2024-11-09;P017;C014;V04;1;544.46;0.05;544.46;27.22;517.24;E-commerce;dataset_vendas_fake.xlsx
V00100;2024-08-31;P015;C009;V01;1;308.28;0.0;308.28;0.0;308.28;Marketplace;dataset_vendas_fake.xlsx
V00101;2024-09-23;P016;C021;V02;1;689.27;0.0;689.27;0.0;689.27;Marketplace;dataset_vendas_fake.xlsx
V00102;2024-08-13;P003;C023;V05;2;67.69;0.2;135.38;27.08;108.3;E-commerce;dataset_vendas_fake.xlsx
V00103;2024-05-19;P011;C011;V03;1;1213.1;0.05;1213.1;60.66;1152.44;E-commerce;dataset_vendas_fake.xlsx
V00104;2024-03-18;P008;C013;V02;1;1684.37;0.0;1684.37;0.0;1684.37;E-commerce;dataset_vendas_fake.xlsx
V00105;2024-02-02;P014;C014;V04;1;119.02;0.1;119.02;11.9;107.12;Vendedor Externo;dataset_vendas_fake.xlsx
V00106;2024-07-31;P002;C007;V06;2;3900.77;0.0;7801.54;0.0;7801.54;Vendedor Externo;dataset_vendas_fake.xlsx
V00107;2024-10-26;P001;C028;V05;1;4280.27;0.0;4280.27;0.0;4280.27;Vendedor Externo;dataset_vendas_fake.xlsx
V00108;2024-01-04;P012;C010;V07;2;962.69;0.0;1925.38;0.0;1925.38;Vendedor Externo;dataset_vendas_fake.xlsx
V00109;2024-10-02;P018;C026;V02;4;935.12;0.0;3740.48;0.0;3740.48;Vendedor Externo;dataset_vendas_fake.xlsx
V00110;2024-04-22;P009;C014;V04;2;349.22;0.0;698.44;0.0;698.44;Loja Física;dataset_vendas_fake.xlsx
V00111;2024-07-18;P011;C022;V06;1;1348.57;0.0;1348.57;0.0;1348.57;E-commerce;dataset_vendas_fake.xlsx
V00112;2024-08-27;P005;C020;V01;1;1899.15;0.0;1899.15;0.0;1899.15;Vendedor Externo;dataset_vendas_fake.xlsx
V00113;2024-10-30;P019;C022;V01;3;508.74;0.0;1526.22;0.0;1526.22;Loja Física;dataset_vendas_fake.xlsx
V00114;2024-11-25;P014;C005;V06;1;106.65;0.0;106.65;0.0;106.65;E-commerce;dataset_vendas_fake.xlsx
V00115;2024-01-26;P009;C013;V07;1;350.46;0.0;350.46;0.0;350.46;E-commerce;dataset_vendas_fake.xlsx
V00116;2024-08-20;P011;C011;V08;2;1310.33;0.0;2620.66;0.0;2620.66;Marketplace;dataset_vendas_fake.xlsx
V00117;2024-08-03;P009;C027;V04;1;367.26;0.0;367.26;0.0;367.26;Vendedor Externo;dataset_vendas_fake.xlsx
V00118;2024-01-10;P018;C002;V06;3;917.94;0.0;2753.82;0.0;2753.82;E-commerce;dataset_vendas_fake.xlsx
V00119;2024-11-28;P003;C025;V03;1;66.37;0.0;66.37;0.0;66.37;Loja Física;dataset_vendas_fake.xlsx
V00120;2024-05-06;P007;C027;V04;1;3000.25;0.0;3000.25;0.0;3000.25;E-commerce;dataset_vendas_fake.xlsx
V00121;2024-05-02;P005;C016;V02;1;2212.73;0.0;2212.73;0.0;2212.73;E-commerce;dataset_vendas_fake.xlsx
V00122;2024-08-26;P009;C025;V08;1;394.88;0.0;394.88;0.0;394.88;E-commerce;dataset_vendas_fake.xlsx
V00123;2024-11-06;P020;C024;V01;4;203.69;0.0;814.76;0.0;814.76;E-commerce;dataset_vendas_fake.xlsx
V00124;2024-06-08;P004;C019;V05;1;231.35;0.0;231.35;0.0;231.35;Marketplace;dataset_vendas_fake.xlsx
V00125;2024-10-21;P013;C013;V02;1;141.46;0.0;141.46;0.0;141.46;Loja Física;dataset_vendas_fake.xlsx
V00126;2024-10-30;P008;C004;V06;1;1854.85;0.0;1854.85;0.0;1854.85;Loja Física;dataset_vendas_fake.xlsx
V00127;2024-10-16;P002;C012;V06;2;3776.22;0.0;7552.44;0.0;7552.44;Marketplace;dataset_vendas_fake.xlsx
V00128;2024-02-05;P017;C021;V07;2;558.65;0.1;1117.3;111.73;1005.57;Loja Física;dataset_vendas_fake.xlsx
V00129;2024-08-03;P016;C004;V06;2;734.98;0.0;1469.96;0.0;1469.96;Marketplace;dataset_vendas_fake.xlsx
V00130;2024-11-21;P015;C023;V05;1;317.67;0.1;317.67;31.77;285.9;Vendedor Externo;dataset_vendas_fake.xlsx
V00131;2024-03-31;P017;C021;V07;5;529.88;0.0;2649.4;0.0;2649.4;Vendedor Externo;dataset_vendas_fake.xlsx
V00132;2024-08-26;P014;C027;V04;2;102.7;0.15;205.4;30.81;174.59;Marketplace;dataset_vendas_fake.xlsx
V00133;2024-05-05;P003;C009;V06;3;63.01;0.05;189.03;9.45;179.58;E-commerce;dataset_vendas_fake.xlsx
V00134;2024-08-25;P019;C020;V06;2;437.27;0.15;874.54;131.18;743.36;Marketplace;dataset_vendas_fake.xlsx
V00135;2024-01-15;P016;C028;V05;1;738.84;0.0;738.84;0.0;738.84;E-commerce;dataset_vendas_fake.xlsx
V00136;2024-09-06;P007;C012;V06;3;2633.82;0.0;7901.46;0.0;7901.46;Marketplace;dataset_vendas_fake.xlsx
V00137;2024-05-23;P020;C023;V05;3;166.65;0.0;499.95;0.0;499.95;Loja Física;dataset_vendas_fake.xlsx
V00138;2024-09-21;P007;C003;V02;4;3007.15;0.0;12028.6;0.0;12028.6;Vendedor Externo;dataset_vendas_fake.xlsx
V00139;2024-09-07;P018;C025;V03;2;872.31;0.0;1744.62;0.0;1744.62;Vendedor Externo;dataset_vendas_fake.xlsx
V00140;2024-11-26;P016;C015;V03;1;712.98;0.05;712.98;35.65;677.33;Loja Física;dataset_vendas_fake.xlsx
V00141;2024-05-30;P008;C013;V02;2;1831.64;0.0;3663.28;0.0;3663.28;Marketplace;dataset_vendas_fake.xlsx
V00142;2024-12-05;P019;C012;V06;1;431.85;0.0;431.85;0.0;431.85;Marketplace;dataset_vendas_fake.xlsx
V00143;2024-08-05;P018;C011;V08;1;967.63;0.0;967.63;0.0;967.63;Vendedor Externo;dataset_vendas_fake.xlsx
V00144;2024-05-18;P010;C009;V01;1;416.02;0.05;416.02;20.8;395.22;Loja Física;dataset_vendas_fake.xlsx
V00145;2024-04-08;P011;C004;V01;2;1144.0;0.0;2288.0;0.0;2288.0;E-commerce;dataset_vendas_fake.xlsx
V00146;2024-04-20;P016;C009;V06;2;612.22;0.1;1224.44;122.44;1102.0;Loja Física;dataset_vendas_fake.xlsx
V00147;2024-04-09;P010;C008;V08;2;409.11;0.0;818.22;0.0;818.22;E-commerce;dataset_vendas_fake.xlsx
V00148;2024-06-03;P001;C023;V05;5;4419.18;0.0;22095.9;0.0;22095.9;Marketplace;dataset_vendas_fake.xlsx
V00149;2024-01-24;P002;C018;V05;2;4428.3;0.2;8856.6;1771.32;7085.28;E-commerce;dataset_vendas_fake.xlsx
V00150;2024-11-22;P016;C004;V01;2;663.21;0.0;1326.42;0.0;1326.42;Marketplace;dataset_vendas_fake.xlsx
V00151;2024-08-28;P016;C015;V08;2;693.81;0.0;1387.62;0.0;1387.62;E-commerce;dataset_vendas_fake.xlsx
V00152;2024-01-27;P009;C028;V05;3;322.23;0.0;966.69;0.0;966.69;Loja Física;dataset_vendas_fake.xlsx
V00153;2024-02-03;P013;C016;V02;1;134.33;0.0;134.33;0.0;134.33;Loja Física;dataset_vendas_fake.xlsx
V00154;2024-03-18;P005;C026;V07;1;1936.7;0.0;1936.7;0.0;1936.7;Loja Física;dataset_vendas_fake.xlsx
V00155;2024-05-07;P004;C018;V05;2;261.75;0.2;523.5;104.7;418.8;E-commerce;dataset_vendas_fake.xlsx
V00156;2024-09-24;P013;C015;V08;1;128.25;0.1;128.25;12.82;115.43;Marketplace;dataset_vendas_fake.xlsx
V00157;2024-10-28;P014;C010;V02;1;119.03;0.0;119.03;0.0;119.03;Loja Física;dataset_vendas_fake.xlsx
V00158;2024-04-16;P007;C009;V01;4;2403.7;0.1;9614.8;961.48;8653.32;E-commerce;dataset_vendas_fake.xlsx
V00159;2024-05-02;P006;C018;V05;1;1118.28;0.0;1118.28;0.0;1118.28;E-commerce;dataset_vendas_fake.xlsx
V00160;2024-01-02;P014;C015;V08;1;119.19;0.0;119.19;0.0;119.19;Marketplace;dataset_vendas_fake.xlsx
V00161;2024-01-17;P008;C010;V07;2;1792.21;0.0;3584.42;0.0;3584.42;Vendedor Externo;dataset_vendas_fake.xlsx
V00162;2024-02-06;P008;C030;V08;2;1745.41;0.15;3490.82;523.62;2967.2;E-commerce;dataset_vendas_fake.xlsx
V00163;2024-08-05;P004;C018;V05;1;242.7;0.15;242.7;36.4;206.3;E-commerce;dataset_vendas_fake.xlsx
V00164;2024-05-16;P005;C003;V02;3;2114.22;0.0;6342.66;0.0;6342.66;E-commerce;dataset_vendas_fake.xlsx
V00165;2024-06-06;P020;C024;V06;1;171.06;0.0;171.06;0.0;171.06;Vendedor Externo;dataset_vendas_fake.xlsx
V00166;2024-03-04;P015;C023;V05;1;305.4;0.0;305.4;0.0;305.4;Vendedor Externo;dataset_vendas_fake.xlsx
V00167;2024-05-19;P017;C018;V05;5;606.17;0.0;3030.85;0.0;3030.85;Vendedor Externo;dataset_vendas_fake.xlsx
V00168;2024-02-11;P020;C002;V06;1;176.58;0.1;176.58;17.66;158.92;Marketplace;dataset_vendas_fake.xlsx
V00169;2024-11-05;P009;C001;V01;2;326.73;0.15;653.46;98.02;555.44;E-commerce;dataset_vendas_fake.xlsx
V00170;2024-12-11;P019;C019;V05;2;538.03;0.05;1076.06;53.8;1022.26;Marketplace;dataset_vendas_fake.xlsx
V00171;2024-10-22;P002;C025;V03;2;3909.88;0.15;7819.76;1172.96;6646.8;Vendedor Externo;dataset_vendas_fake.xlsx
V00172;2024-09-22;P015;C030;V08;3;265.82;0.0;797.46;0.0;797.46;E-commerce;dataset_vendas_fake.xlsx
V00173;2024-10-26;P014;C021;V07;1;115.03;0.2;115.03;23.01;92.02;Loja Física;dataset_vendas_fake.xlsx
V00174;2024-08-28;P012;C014;V04;1;947.66;0.0;947.66;0.0;947.66;Marketplace;dataset_vendas_fake.xlsx
V00175;2024-12-09;P004;C028;V05;4;278.05;0.1;1112.2;111.22;1000.98;Marketplace;dataset_vendas_fake.xlsx
V00176;2024-07-29;P016;C010;V07;1;669.69;0.0;669.69;0.0;669.69;Loja Física;dataset_vendas_fake.xlsx
V00177;2024-08-20;P003;C011;V08;1;69.87;0.1;69.87;6.99;62.88;Marketplace;dataset_vendas_fake.xlsx
V00178;2024-02-29;P013;C028;V05;5;151.89;0.0;759.45;0.0;759.45;Vendedor Externo;dataset_vendas_fake.xlsx
V00179;2024-07-30;P002;C007;V06;2;4425.87;0.1;8851.74;885.17;7966.57;Vendedor Externo;dataset_vendas_fake.xlsx
V00180;2024-11-16;P015;C025;V03;1;295.61;0.0;295.61;0.0;295.61;E-commerce;dataset_vendas_fake.xlsx
V00181;2024-05-16;P018;C005;V06;4;906.54;0.0;3626.16;0.0;3626.16;Vendedor Externo;dataset_vendas_fake.xlsx
V00182;2024-12-23;P016;C004;V01;2;703.85;0.0;1407.7;0.0;1407.7;E-commerce;dataset_vendas_fake.xlsx
V00183;2024-12-29;P006;C010;V02;1;1039.54;0.0;1039.54;0.0;1039.54;Vendedor Externo;dataset_vendas_fake.xlsx
V00184;2024-02-17;P008;C027;V04;2;1718.47;0.1;3436.94;343.69;3093.25;Vendedor Externo;dataset_vendas_fake.xlsx
V00185;2024-03-01;P005;C016;V07;1;2169.49;0.1;2169.49;216.95;1952.54;Marketplace;dataset_vendas_fake.xlsx
V00186;2024-07-31;P016;C016;V02;1;622.51;0.0;622.51;0.0;622.51;Vendedor Externo;dataset_vendas_fake.xlsx
V00187;2024-10-09;P005;C013;V02;2;2200.66;0.05;4401.32;220.07;4181.25;E-commerce;dataset_vendas_fake.xlsx
V00188;2024-02-05;P009;C025;V08;1;324.43;0.0;324.43;0.0;324.43;Marketplace;dataset_vendas_fake.xlsx
V00189;2024-09-16;P009;C027;V04;1;364.12;0.0;364.12;0.0;364.12;Marketplace;dataset_vendas_fake.xlsx
V00190;2024-06-01;P019;C019;V05;1;532.59;0.0;532.59;0.0;532.59;E-commerce;dataset_vendas_fake.xlsx
V00191;2024-08-16;P018;C016;V07;1;945.05;0.0;945.05;0.0;945.05;Marketplace;dataset_vendas_fake.xlsx
V00192;2024-10-09;P018;C013;V07;2;962.13;0.15;1924.26;288.64;1635.62;Marketplace;dataset_vendas_fake.xlsx
V00193;2024-04-06;P008;C019;V05;1;1889.17;0.0;1889.17;0.0;1889.17;E-commerce;dataset_vendas_fake.xlsx
V00194;2024-07-29;P002;C011;V08;1;3949.95;0.2;3949.95;789.99;3159.96;Vendedor Externo;dataset_vendas_fake.xlsx
V00195;2024-07-16;P005;C016;V02;1;2047.59;0.0;2047.59;0.0;2047.59;E-commerce;dataset_vendas_fake.xlsx
V00196;2024-09-14;P019;C011;V03;1;434.03;0.0;434.03;0.0;434.03;Vendedor Externo;dataset_vendas_fake.xlsx
V00197;2024-02-21;P017;C030;V08;1;495.2;0.0;495.2;0.0;495.2;Loja Física;dataset_vendas_fake.xlsx
V00198;2024-03-14;P014;C028;V05;2;98.52;0.0;197.04;0.0;197.04;Loja Física;dataset_vendas_fake.xlsx
V00199;2024-08-28;P009;C011;V08;3;353.97;0.0;1061.91;0.0;1061.91;Loja Física;dataset_vendas_fake.xlsx
V00200;2024-06-17;P018;C013;V07;1;816.73;0.0;816.73;0.0;816.73;Vendedor Externo;dataset_vendas_fake.xlsx
V00201;2024-10-04;P002;C020;V01;1;3773.02;0.0;3773.02;0.0;3773.02;E-commerce;dataset_vendas_fake.xlsx
V00202;2024-11-19;P010;C008;V03;1;413.51;0.0;413.51;0.0;413.51;Vendedor Externo;dataset_vendas_fake.xlsx
V00203;2024-02-20;P004;C015;V03;1;247.95;0.0;247.95;0.0;247.95;Marketplace;dataset_vendas_fake.xlsx
V00204;2024-01-15;P002;C011;V03;2;3538.53;0.05;7077.06;353.85;6723.21;Marketplace;dataset_vendas_fake.xlsx
V00205;2024-07-02;P012;C014;V04;2;831.1;0.1;1662.2;166.22;1495.98;E-commerce;dataset_vendas_fake.xlsx
V00206;2024-09-28;P014;C019;V05;3;95.35;0.0;286.05;0.0;286.05;E-commerce;dataset_vendas_fake.xlsx
V00207;2024-03-30;P003;C020;V06;2;68.04;0.0;136.08;0.0;136.08;E-commerce;dataset_vendas_fake.xlsx
V00208;2024-09-11;P019;C005;V01;1;469.09;0.0;469.09;0.0;469.09;Vendedor Externo;dataset_vendas_fake.xlsx
V00209;2024-11-22;P009;C015;V08;2;344.78;0.0;689.56;0.0;689.56;Loja Física;dataset_vendas_fake.xlsx
V00210;2024-08-26;P010;C022;V01;2;404.11;0.0;808.22;0.0;808.22;Loja Física;dataset_vendas_fake.xlsx
V00211;2024-08-14;P012;C019;V05;2;1016.16;0.0;2032.32;0.0;2032.32;Vendedor Externo;dataset_vendas_fake.xlsx
V00212;2024-12-19;P009;C015;V08;1;321.88;0.0;321.88;0.0;321.88;E-commerce;dataset_vendas_fake.xlsx
V00213;2024-07-15;P016;C004;V01;1;640.74;0.0;640.74;0.0;640.74;Vendedor Externo;dataset_vendas_fake.xlsx
V00214;2024-10-19;P012;C019;V05;1;817.07;0.0;817.07;0.0;817.07;Marketplace;dataset_vendas_fake.xlsx
V00215;2024-01-12;P013;C009;V01;1;129.64;0.0;129.64;0.0;129.64;Loja Física;dataset_vendas_fake.xlsx
V00216;2024-11-06;P016;C027;V04;3;699.72;0.0;2099.16;0.0;2099.16;E-commerce;dataset_vendas_fake.xlsx
V00217;2024-11-06;P012;C008;V03;2;925.9;0.0;1851.8;0.0;1851.8;Marketplace;dataset_vendas_fake.xlsx
V00218;2024-12-13;P005;C021;V02;1;2183.09;0.05;2183.09;109.15;2073.94;Loja Física;dataset_vendas_fake.xlsx
V00219;2024-06-07;P015;C002;V06;1;271.88;0.0;271.88;0.0;271.88;E-commerce;dataset_vendas_fake.xlsx
V00220;2024-02-16;P010;C011;V08;1;472.34;0.0;472.34;0.0;472.34;E-commerce;dataset_vendas_fake.xlsx
V00221;2024-04-12;P005;C026;V07;1;2392.92;0.0;2392.92;0.0;2392.92;Marketplace;dataset_vendas_fake.xlsx
V00222;2024-03-25;P009;C030;V08;1;321.41;0.0;321.41;0.0;321.41;Marketplace;dataset_vendas_fake.xlsx
V00223;2024-06-22;P004;C015;V03;1;235.12;0.0;235.12;0.0;235.12;E-commerce;dataset_vendas_fake.xlsx
V00224;2024-04-25;P013;C028;V05;1;124.51;0.1;124.51;12.45;112.06;Loja Física;dataset_vendas_fake.xlsx
V00225;2024-07-21;P001;C009;V01;1;4587.45;0.0;4587.45;0.0;4587.45;Vendedor Externo;dataset_vendas_fake.xlsx
V00226;2024-07-07;P009;C019;V05;5;322.3;0.0;1611.5;0.0;1611.5;Marketplace;dataset_vendas_fake.xlsx
V00227;2024-02-25;P008;C016;V02;4;1863.51;0.1;7454.04;745.4;6708.64;Marketplace;dataset_vendas_fake.xlsx
V00228;2024-11-08;P008;C021;V02;1;1571.77;0.0;1571.77;0.0;1571.77;Vendedor Externo;dataset_vendas_fake.xlsx
V00229;2024-12-24;P010;C021;V07;3;462.36;0.0;1387.08;0.0;1387.08;Loja Física;dataset_vendas_fake.xlsx
V00230;2024-03-12;P002;C002;V06;1;4254.1;0.0;4254.1;0.0;4254.1;Vendedor Externo;dataset_vendas_fake.xlsx
V00231;2024-02-29;P004;C008;V03;1;251.8;0.0;251.8;0.0;251.8;Vendedor Externo;dataset_vendas_fake.xlsx
V00232;2024-08-20;P012;C022;V06;1;838.63;0.0;838.63;0.0;838.63;E-commerce;dataset_vendas_fake.xlsx
V00233;2024-07-31;P004;C027;V04;1;261.62;0.0;261.62;0.0;261.62;Vendedor Externo;dataset_vendas_fake.xlsx
V00234;2024-05-23;P002;C023;V05;1;4021.94;0.0;4021.94;0.0;4021.94;E-commerce;dataset_vendas_fake.xlsx
V00235;2024-08-15;P015;C008;V08;1;272.38;0.0;272.38;0.0;272.38;Loja Física;dataset_vendas_fake.xlsx
V00236;2024-12-17;P012;C018;V05;5;885.84;0.1;4429.2;442.92;3986.28;Loja Física;dataset_vendas_fake.xlsx
V00237;2024-07-22;P009;C007;V01;1;372.13;0.05;372.13;18.61;353.52;Vendedor Externo;dataset_vendas_fake.xlsx
V00238;2024-02-16;P007;C021;V02;1;2688.6;0.0;2688.6;0.0;2688.6;Loja Física;dataset_vendas_fake.xlsx
V00239;2024-06-19;P008;C005;V01;1;1890.4;0.1;1890.4;189.04;1701.36;Loja Física;dataset_vendas_fake.xlsx
V00240;2024-10-10;P007;C019;V05;4;2457.66;0.05;9830.64;491.53;9339.11;E-commerce;dataset_vendas_fake.xlsx
V00241;2024-06-17;P005;C026;V02;4;1970.15;0.0;7880.6;0.0;7880.6;Marketplace;dataset_vendas_fake.xlsx
V00242;2024-03-15;P005;C018;V05;2;2176.6;0.1;4353.2;435.32;3917.88;E-commerce;dataset_vendas_fake.xlsx
V00243;2024-02-26;P001;C005;V01;1;4890.7;0.0;4890.7;0.0;4890.7;Marketplace;dataset_vendas_fake.xlsx
V00244;2024-05-01;P019;C011;V03;1;444.55;0.1;444.55;44.46;400.09;E-commerce;dataset_vendas_fake.xlsx
V00245;2024-05-15;P002;C005;V06;2;4012.6;0.0;8025.2;0.0;8025.2;Loja Física;dataset_vendas_fake.xlsx
V00246;2024-02-02;P016;C015;V08;3;665.93;0.1;1997.79;199.78;1798.01;Loja Física;dataset_vendas_fake.xlsx
V00247;2024-08-19;P017;C008;V03;1;525.13;0.0;525.13;0.0;525.13;Marketplace;dataset_vendas_fake.xlsx
V00248;2024-08-22;P001;C002;V06;1;4837.32;0.0;4837.32;0.0;4837.32;Vendedor Externo;dataset_vendas_fake.xlsx
V00249;2024-08-06;P004;C016;V07;1;281.67;0.0;281.67;0.0;281.67;Loja Física;dataset_vendas_fake.xlsx
V00250;2024-02-11;P011;C020;V01;1;1394.87;0.0;1394.87;0.0;1394.87;Loja Física;dataset_vendas_fake.xlsx
V00251;2024-03-05;P009;C020;V06;1;394.74;0.0;394.74;0.0;394.74;Vendedor Externo;dataset_vendas_fake.xlsx
V00252;2024-11-01;P017;C010;V07;1;493.52;0.05;493.52;24.68;468.84;Vendedor Externo;dataset_vendas_fake.xlsx
V00253;2024-02-20;P004;C028;V05;2;258.61;0.1;517.22;51.72;465.5;Vendedor Externo;dataset_vendas_fake.xlsx
V00254;2024-08-19;P008;C014;V04;2;1563.7;0.0;3127.4;0.0;3127.4;Vendedor Externo;dataset_vendas_fake.xlsx
V00255;2024-07-23;P014;C024;V01;1;113.28;0.0;113.28;0.0;113.28;Marketplace;dataset_vendas_fake.xlsx
V00256;2024-08-06;P011;C022;V06;1;1350.01;0.1;1350.01;135.0;1215.01;Marketplace;dataset_vendas_fake.xlsx
V00257;2024-03-19;P016;C003;V02;1;737.97;0.0;737.97;0.0;737.97;Loja Física;dataset_vendas_fake.xlsx
V00258;2024-02-17;P014;C004;V06;2;97.1;0.0;194.2;0.0;194.2;E-commerce;dataset_vendas_fake.xlsx
V00259;2024-10-11;P002;C019;V05;2;3646.92;0.0;7293.84;0.0;7293.84;Loja Física;dataset_vendas_fake.xlsx
V00260;2024-07-29;P012;C028;V05;2;976.31;0.0;1952.62;0.0;1952.62;Loja Física;dataset_vendas_fake.xlsx
V00261;2024-05-27;P020;C010;V07;2;187.19;0.0;374.38;0.0;374.38;Loja Física;dataset_vendas_fake.xlsx
V00262;2024-10-22;P017;C007;V01;1;499.15;0.15;499.15;74.87;424.28;Vendedor Externo;dataset_vendas_fake.xlsx
V00263;2024-04-24;P004;C012;V06;1;250.25;0.0;250.25;0.0;250.25;Loja Física;dataset_vendas_fake.xlsx
V00264;2024-05-22;P019;C008;V08;4;443.25;0.0;1773.0;0.0;1773.0;Loja Física;dataset_vendas_fake.xlsx
V00265;2024-11-07;P009;C001;V01;1;366.0;0.0;366.0;0.0;366.0;Marketplace;dataset_vendas_fake.xlsx
V00266;2024-12-25;P010;C030;V08;3;504.4;0.0;1513.2;0.0;1513.2;Marketplace;dataset_vendas_fake.xlsx
V00267;2024-01-04;P006;C028;V05;2;1101.01;0.05;2202.02;110.1;2091.92;Vendedor Externo;dataset_vendas_fake.xlsx
V00268;2024-02-05;P005;C024;V01;1;2177.55;0.0;2177.55;0.0;2177.55;Loja Física;dataset_vendas_fake.xlsx
V00269;2024-09-28;P007;C013;V07;1;2864.74;0.15;2864.74;429.71;2435.03;Vendedor Externo;dataset_vendas_fake.xlsx
V00270;2024-06-23;P006;C012;V06;3;985.46;0.0;2956.38;0.0;2956.38;Marketplace;dataset_vendas_fake.xlsx
V00271;2024-10-17;P020;C003;V02;5;200.67;0.0;1003.35;0.0;1003.35;E-commerce;dataset_vendas_fake.xlsx
V00272;2024-03-21;P020;C002;V01;3;202.08;0.0;606.24;0.0;606.24;Marketplace;dataset_vendas_fake.xlsx
V00273;2024-08-14;P014;C016;V07;1;104.22;0.0;104.22;0.0;104.22;Vendedor Externo;dataset_vendas_fake.xlsx
V00274;2024-05-19;P007;C025;V03;1;2908.9;0.0;2908.9;0.0;2908.9;Marketplace;dataset_vendas_fake.xlsx
V00275;2024-08-08;P004;C010;V07;1;250.08;0.0;250.08;0.0;250.08;Marketplace;dataset_vendas_fake.xlsx
V00276;2024-01-24;P008;C013;V02;3;1645.47;0.0;4936.41;0.0;4936.41;Loja Física;dataset_vendas_fake.xlsx
V00277;2024-04-14;P010;C007;V01;2;450.65;0.0;901.3;0.0;901.3;Marketplace;dataset_vendas_fake.xlsx
V00278;2024-05-28;P011;C004;V01;1;1156.38;0.0;1156.38;0.0;1156.38;Vendedor Externo;dataset_vendas_fake.xlsx
V00279;2024-08-08;P006;C005;V06;1;977.64;0.15;977.64;146.65;830.99;E-commerce;dataset_vendas_fake.xlsx
V00280;2024-09-13;P018;C027;V04;1;900.99;0.0;900.99;0.0;900.99;Loja Física;dataset_vendas_fake.xlsx
V00281;2024-07-22;P002;C014;V04;1;4150.27;0.0;4150.27;0.0;4150.27;Vendedor Externo;dataset_vendas_fake.xlsx
V00282;2024-02-09;P011;C019;V05;4;1158.81;0.0;4635.24;0.0;4635.24;Vendedor Externo;dataset_vendas_fake.xlsx
V00283;2024-12-29;P014;C010;V02;1;119.92;0.0;119.92;0.0;119.92;Vendedor Externo;dataset_vendas_fake.xlsx
V00284;2024-01-11;P011;C006;V06;1;1133.39;0.05;1133.39;56.67;1076.72;Marketplace;dataset_vendas_fake.xlsx
V00285;2024-02-15;P014;C028;V05;1;117.32;0.0;117.32;0.0;117.32;E-commerce;dataset_vendas_fake.xlsx
V00286;2024-08-11;P019;C013;V02;1;429.35;0.0;429.35;0.0;429.35;Vendedor Externo;dataset_vendas_fake.xlsx
V00287;2024-06-07;P011;C008;V08;1;1132.97;0.05;1132.97;56.65;1076.32;E-commerce;dataset_vendas_fake.xlsx
V00288;2024-02-09;P017;C021;V02;1;544.74;0.0;544.74;0.0;544.74;E-commerce;dataset_vendas_fake.xlsx
V00289;2024-06-27;P012;C024;V01;1;939.82;0.0;939.82;0.0;939.82;E-commerce;dataset_vendas_fake.xlsx
V00290;2024-02-22;P005;C009;V01;1;2327.44;0.15;2327.44;349.12;1978.32;E-commerce;dataset_vendas_fake.xlsx
V00291;2024-11-04;P005;C025;V03;1;2017.14;0.0;2017.14;0.0;2017.14;E-commerce;dataset_vendas_fake.xlsx
V00292;2024-11-17;P016;C015;V08;1;604.26;0.0;604.26;0.0;604.26;Marketplace;dataset_vendas_fake.xlsx
V00293;2024-11-17;P011;C005;V06;2;1317.75;0.0;2635.5;0.0;2635.5;Loja Física;dataset_vendas_fake.xlsx
V00294;2024-08-28;P015;C021;V07;1;279.48;0.0;279.48;0.0;279.48;Marketplace;dataset_vendas_fake.xlsx
V00295;2024-10-29;P002;C012;V01;1;3602.03;0.05;3602.03;180.1;3421.93;Marketplace;dataset_vendas_fake.xlsx
V00296;2024-08-24;P015;C002;V01;1;310.48;0.0;310.48;0.0;310.48;Marketplace;dataset_vendas_fake.xlsx
V00297;2024-05-26;P003;C021;V02;1;60.08;0.05;60.08;3.0;57.08;Vendedor Externo;dataset_vendas_fake.xlsx
V00298;2024-08-24;P019;C018;V05;3;523.8;0.0;1571.4;0.0;1571.4;Vendedor Externo;dataset_vendas_fake.xlsx
V00299;2024-10-19;P007;C011;V08;2;2511.31;0.0;5022.62;0.0;5022.62;E-commerce;dataset_vendas_fake.xlsx
V00300;2024-02-01;P015;C004;V06;3;263.46;0.0;790.38;0.0;790.38;Loja Física;dataset_vendas_fake.xlsx
V00301;2024-09-15;P006;C002;V01;1;881.5;0.0;881.5;0.0;881.5;Vendedor Externo;dataset_vendas_fake.xlsx
V00302;2024-08-12;P017;C017;V04;1;531.05;0.1;531.05;53.1;477.95;Marketplace;dataset_vendas_fake.xlsx
V00303;2024-07-09;P010;C013;V07;2;438.28;0.0;876.56;0.0;876.56;Marketplace;dataset_vendas_fake.xlsx
V00304;2024-12-13;P020;C002;V06;1;189.36;0.0;189.36;0.0;189.36;Loja Física;dataset_vendas_fake.xlsx
V00305;2024-06-17;P004;C018;V05;2;250.79;0.0;501.58;0.0;501.58;Marketplace;dataset_vendas_fake.xlsx
V00306;2024-05-09;P020;C028;V05;1;175.9;0.15;175.9;26.38;149.52;Marketplace;dataset_vendas_fake.xlsx
V00307;2024-02-11;P019;C022;V01;2;441.67;0.1;883.34;88.33;795.01;Marketplace;dataset_vendas_fake.xlsx
V00308;2024-06-07;P013;C005;V01;1;148.49;0.05;148.49;7.42;141.07;Marketplace;dataset_vendas_fake.xlsx
V00309;2024-10-13;P013;C021;V07;1;119.5;0.0;119.5;0.0;119.5;E-commerce;dataset_vendas_fake.xlsx
V00310;2024-12-09;P017;C003;V07;1;559.25;0.0;559.25;0.0;559.25;Marketplace;dataset_vendas_fake.xlsx
V00311;2024-01-10;P012;C010;V02;1;1002.45;0.2;1002.45;200.49;801.96;E-commerce;dataset_vendas_fake.xlsx
V00312;2024-06-23;P016;C007;V01;1;628.84;0.0;628.84;0.0;628.84;E-commerce;dataset_vendas_fake.xlsx
V00313;2024-03-20;P003;C010;V02;1;70.65;0.0;70.65;0.0;70.65;Loja Física;dataset_vendas_fake.xlsx
V00314;2024-12-04;P011;C029;V01;1;1197.87;0.0;1197.87;0.0;1197.87;Vendedor Externo;dataset_vendas_fake.xlsx
V00315;2024-03-19;P006;C006;V01;2;1078.29;0.0;2156.58;0.0;2156.58;Vendedor Externo;dataset_vendas_fake.xlsx
V00316;2024-01-23;P014;C012;V01;1;97.34;0.15;97.34;14.6;82.74;Vendedor Externo;dataset_vendas_fake.xlsx
V00317;2024-11-08;P010;C025;V08;3;466.91;0.0;1400.73;0.0;1400.73;E-commerce;dataset_vendas_fake.xlsx
V00318;2024-09-30;P008;C010;V07;2;1573.66;0.15;3147.32;472.1;2675.22;E-commerce;dataset_vendas_fake.xlsx
V00319;2024-07-07;P019;C015;V08;1;470.59;0.0;470.59;0.0;470.59;Marketplace;dataset_vendas_fake.xlsx
V00320;2024-07-14;P017;C017;V04;1;497.12;0.05;497.12;24.86;472.26;E-commerce;dataset_vendas_fake.xlsx
V00321;2024-04-12;P020;C005;V06;1;189.94;0.0;189.94;0.0;189.94;Loja Física;dataset_vendas_fake.xlsx
V00322;2024-11-24;P016;C028;V05;1;648.5;0.0;648.5;0.0;648.5;Loja Física;dataset_vendas_fake.xlsx
V00323;2024-12-30;P017;C028;V05;2;514.52;0.0;1029.04;0.0;1029.04;Marketplace;dataset_vendas_fake.xlsx
V00324;2024-02-12;P006;C009;V06;1;1037.6;0.15;1037.6;155.64;881.96;E-commerce;dataset_vendas_fake.xlsx
V00325;2024-08-11;P003;C030;V03;2;59.64;0.0;119.28;0.0;119.28;Vendedor Externo;dataset_vendas_fake.xlsx
V00326;2024-06-27;P001;C014;V04;1;4666.49;0.0;4666.49;0.0;4666.49;Vendedor Externo;dataset_vendas_fake.xlsx
V00327;2024-09-14;P012;C008;V08;1;948.28;0.0;948.28;0.0;948.28;Loja Física;dataset_vendas_fake.xlsx
V00328;2024-07-10;P008;C001;V06;2;1544.77;0.0;3089.54;0.0;3089.54;Loja Física;dataset_vendas_fake.xlsx
V00329;2024-12-31;P011;C026;V02;2;1266.85;0.0;2533.7;0.0;2533.7;E-commerce;dataset_vendas_fake.xlsx
V00330;2024-01-20;P010;C030;V08;1;427.6;0.1;427.6;42.76;384.84;E-commerce;dataset_vendas_fake.xlsx
V00331;2024-12-27;P016;C015;V03;2;716.71;0.0;1433.42;0.0;1433.42;Loja Física;dataset_vendas_fake.xlsx
V00332;2024-01-10;P009;C007;V01;1;344.09;0.0;344.09;0.0;344.09;Vendedor Externo;dataset_vendas_fake.xlsx
V00333;2024-02-26;P010;C008;V08;3;415.32;0.15;1245.96;186.89;1059.07;Loja Física;dataset_vendas_fake.xlsx
V00334;2024-01-25;P008;C014;V04;1;1577.76;0.0;1577.76;0.0;1577.76;Loja Física;dataset_vendas_fake.xlsx
V00335;2024-02-26;P016;C020;V01;3;723.01;0.1;2169.03;216.9;1952.13;E-commerce;dataset_vendas_fake.xlsx
V00336;2024-03-14;P010;C014;V04;2;477.53;0.1;955.06;95.51;859.55;Marketplace;dataset_vendas_fake.xlsx
V00337;2024-05-03;P019;C014;V04;1;483.24;0.0;483.24;0.0;483.24;Loja Física;dataset_vendas_fake.xlsx
V00338;2024-09-25;P012;C003;V02;5;1027.27;0.0;5136.35;0.0;5136.35;Vendedor Externo;dataset_vendas_fake.xlsx
V00339;2024-08-28;P002;C021;V07;2;4406.74;0.0;8813.48;0.0;8813.48;Marketplace;dataset_vendas_fake.xlsx
V00340;2024-05-09;P001;C012;V01;1;5025.35;0.0;5025.35;0.0;5025.35;Marketplace;dataset_vendas_fake.xlsx
V00341;2024-05-03;P004;C025;V08;2;243.73;0.15;487.46;73.12;414.34;E-commerce;dataset_vendas_fake.xlsx
V00342;2024-01-23;P012;C018;V05;5;1027.32;0.0;5136.6;0.0;5136.6;E-commerce;dataset_vendas_fake.xlsx
V00343;2024-12-16;P015;C023;V05;3;324.57;0.0;973.71;0.0;973.71;E-commerce;dataset_vendas_fake.xlsx
V00344;2024-03-10;P003;C023;V05;2;56.83;0.0;113.66;0.0;113.66;Loja Física;dataset_vendas_fake.xlsx
V00345;2024-05-30;P007;C002;V01;1;2455.18;0.0;2455.18;0.0;2455.18;Loja Física;dataset_vendas_fake.xlsx
V00346;2024-06-10;P010;C017;V04;2;438.07;0.05;876.14;43.81;832.33;Vendedor Externo;dataset_vendas_fake.xlsx
V00347;2024-05-09;P002;C025;V03;1;3808.98;0.0;3808.98;0.0;3808.98;Marketplace;dataset_vendas_fake.xlsx
V00348;2024-07-01;P002;C028;V05;2;3812.38;0.0;7624.76;0.0;7624.76;Marketplace;dataset_vendas_fake.xlsx
V00349;2024-03-04;P012;C014;V04;3;952.61;0.0;2857.83;0.0;2857.83;Vendedor Externo;dataset_vendas_fake.xlsx
V00350;2024-07-16;P011;C006;V06;1;1383.54;0.0;1383.54;0.0;1383.54;Vendedor Externo;dataset_vendas_fake.xlsx
V00351;2024-07-07;P017;C009;V01;3;545.35;0.15;1636.05;245.41;1390.64;Vendedor Externo;dataset_vendas_fake.xlsx
V00352;2024-02-10;P014;C020;V01;2;119.95;0.0;239.9;0.0;239.9;Marketplace;dataset_vendas_fake.xlsx
V00353;2024-06-13;P004;C003;V07;2;250.32;0.0;500.64;0.0;500.64;Marketplace;dataset_vendas_fake.xlsx
V00354;2024-06-05;P015;C020;V06;2;326.72;0.2;653.44;130.69;522.75;E-commerce;dataset_vendas_fake.xlsx
V00355;2024-12-19;P015;C012;V06;2;293.21;0.0;586.42;0.0;586.42;Loja Física;dataset_vendas_fake.xlsx
V00356;2024-06-29;P020;C014;V04;2;173.36;0.0;346.72;0.0;346.72;Loja Física;dataset_vendas_fake.xlsx
V00357;2024-02-08;P013;C012;V01;1;128.3;0.0;128.3;0.0;128.3;Loja Física;dataset_vendas_fake.xlsx
V00358;2024-03-14;P020;C022;V06;1;164.42;0.0;164.42;0.0;164.42;Loja Física;dataset_vendas_fake.xlsx
V00359;2024-03-05;P003;C008;V08;5;62.99;0.0;314.95;0.0;314.95;Marketplace;dataset_vendas_fake.xlsx
V00360;2024-07-15;P019;C002;V01;2;450.97;0.15;901.94;135.29;766.65;Vendedor Externo;dataset_vendas_fake.xlsx
V00361;2024-07-08;P012;C015;V03;2;832.84;0.0;1665.68;0.0;1665.68;E-commerce;dataset_vendas_fake.xlsx
V00362;2024-09-28;P012;C013;V07;3;1027.43;0.0;3082.29;0.0;3082.29;Marketplace;dataset_vendas_fake.xlsx
V00363;2024-05-07;P004;C001;V01;2;235.52;0.2;471.04;94.21;376.83;Vendedor Externo;dataset_vendas_fake.xlsx
V00364;2024-09-22;P013;C030;V03;1;150.1;0.0;150.1;0.0;150.1;Marketplace;dataset_vendas_fake.xlsx
V00365;2024-05-13;P015;C007;V06;2;300.18;0.0;600.36;0.0;600.36;Vendedor Externo;dataset_vendas_fake.xlsx
V00366;2024-04-12;P004;C005;V01;1;238.89;0.0;238.89;0.0;238.89;Vendedor Externo;dataset_vendas_fake.xlsx
V00367;2024-03-29;P015;C003;V07;2;288.23;0.0;576.46;0.0;576.46;Marketplace;dataset_vendas_fake.xlsx
V00368;2024-12-29;P003;C018;V05;4;70.17;0.15;280.68;42.1;238.58;Marketplace;dataset_vendas_fake.xlsx
V00369;2024-03-21;P006;C026;V07;5;917.6;0.0;4588.0;0.0;4588.0;E-commerce;dataset_vendas_fake.xlsx
V00370;2024-03-03;P007;C026;V02;2;2837.85;0.0;5675.7;0.0;5675.7;E-commerce;dataset_vendas_fake.xlsx
V00371;2024-09-09;P001;C012;V06;2;4251.37;0.0;8502.74;0.0;8502.74;Vendedor Externo;dataset_vendas_fake.xlsx
V00372;2024-10-09;P005;C020;V01;1;2186.29;0.0;2186.29;0.0;2186.29;Loja Física;dataset_vendas_fake.xlsx
V00373;2024-06-07;P013;C023;V05;1;147.93;0.0;147.93;0.0;147.93;Vendedor Externo;dataset_vendas_fake.xlsx
V00374;2024-07-28;P019;C003;V02;1;530.76;0.15;530.76;79.61;451.15;Marketplace;dataset_vendas_fake.xlsx
V00375;2024-11-24;P003;C015;V08;3;69.0;0.0;207.0;0.0;207.0;Marketplace;dataset_vendas_fake.xlsx
V00376;2024-03-06;P018;C021;V02;1;793.88;0.0;793.88;0.0;793.88;E-commerce;dataset_vendas_fake.xlsx
V00377;2024-08-09;P017;C030;V03;1;509.55;0.05;509.55;25.48;484.07;Loja Física;dataset_vendas_fake.xlsx
V00378;2024-09-22;P005;C010;V02;1;1917.55;0.0;1917.55;0.0;1917.55;E-commerce;dataset_vendas_fake.xlsx
V00379;2024-06-14;P008;C012;V06;2;1531.97;0.1;3063.94;306.39;2757.55;Loja Física;dataset_vendas_fake.xlsx
V00380;2024-05-08;P007;C021;V07;1;2694.59;0.0;2694.59;0.0;2694.59;E-commerce;dataset_vendas_fake.xlsx
V00381;2024-11-16;P010;C020;V01;2;438.95;0.0;877.9;0.0;877.9;E-commerce;dataset_vendas_fake.xlsx
V00382;2024-10-30;P019;C005;V01;1;456.78;0.1;456.78;45.68;411.1;Marketplace;dataset_vendas_fake.xlsx
V00383;2024-10-15;P002;C027;V04;2;4145.28;0.1;8290.56;829.06;7461.5;Loja Física;dataset_vendas_fake.xlsx
V00384;2024-01-24;P019;C009;V01;3;509.3;0.1;1527.9;152.79;1375.11;Vendedor Externo;dataset_vendas_fake.xlsx
V00385;2024-11-12;P001;C016;V07;2;4761.76;0.0;9523.52;0.0;9523.52;Marketplace;dataset_vendas_fake.xlsx
V00386;2024-09-04;P008;C026;V07;2;1566.61;0.1;3133.22;313.32;2819.9;Marketplace;dataset_vendas_fake.xlsx
V00387;2024-08-20;P003;C023;V05;3;56.71;0.1;170.13;17.01;153.12;E-commerce;dataset_vendas_fake.xlsx
V00388;2024-08-13;P014;C016;V07;1;102.55;0.05;102.55;5.13;97.42;E-commerce;dataset_vendas_fake.xlsx
V00389;2024-06-23;P020;C005;V06;1;199.72;0.1;199.72;19.97;179.75;Marketplace;dataset_vendas_fake.xlsx
V00390;2024-06-25;P013;C005;V06;1;118.96;0.0;118.96;0.0;118.96;Loja Física;dataset_vendas_fake.xlsx
V00391;2024-06-12;P008;C015;V03;2;1912.1;0.0;3824.2;0.0;3824.2;Marketplace;dataset_vendas_fake.xlsx
V00392;2024-08-18;P008;C005;V01;1;1766.28;0.0;1766.28;0.0;1766.28;Loja Física;dataset_vendas_fake.xlsx
V00393;2024-05-28;P013;C028;V05;2;122.31;0.05;244.62;12.23;232.39;E-commerce;dataset_vendas_fake.xlsx
V00394;2024-03-22;P011;C030;V08;1;1412.47;0.0;1412.47;0.0;1412.47;E-commerce;dataset_vendas_fake.xlsx
V00395;2024-03-22;P016;C017;V04;2;756.58;0.0;1513.16;0.0;1513.16;Vendedor Externo;dataset_vendas_fake.xlsx
V00396;2024-06-06;P016;C001;V01;4;715.56;0.0;2862.24;0.0;2862.24;Vendedor Externo;dataset_vendas_fake.xlsx
V00397;2024-09-15;P015;C008;V03;1;314.55;0.0;314.55;0.0;314.55;Marketplace;dataset_vendas_fake.xlsx
V00398;2024-01-25;P002;C010;V07;1;3838.97;0.0;3838.97;0.0;3838.97;Vendedor Externo;dataset_vendas_fake.xlsx
V00399;2024-05-26;P018;C001;V01;1;964.12;0.2;964.12;192.82;771.3;Vendedor Externo;dataset_vendas_fake.xlsx
V00400;2024-03-09;P009;C024;V06;4;378.09;0.0;1512.36;0.0;1512.36;Vendedor Externo;dataset_vendas_fake.xlsx
V00401;2024-07-06;P002;C013;V02;2;3524.1;0.0;7048.2;0.0;7048.2;E-commerce;dataset_vendas_fake.xlsx
V00402;2024-07-04;P018;C010;V02;1;881.04;0.05;881.04;44.05;836.99;Vendedor Externo;dataset_vendas_fake.xlsx
V00403;2024-09-15;P015;C025;V08;2;295.27;0.0;590.54;0.0;590.54;Loja Física;dataset_vendas_fake.xlsx
V00404;2024-03-06;P004;C013;V07;5;251.85;0.0;1259.25;0.0;1259.25;Marketplace;dataset_vendas_fake.xlsx
V00405;2024-10-12;P012;C025;V03;1;993.32;0.0;993.32;0.0;993.32;E-commerce;dataset_vendas_fake.xlsx
V00406;2024-11-04;P017;C013;V02;1;485.96;0.0;485.96;0.0;485.96;Loja Física;dataset_vendas_fake.xlsx
V00407;2024-01-20;P005;C023;V05;2;2018.46;0.15;4036.92;605.54;3431.38;Vendedor Externo;dataset_vendas_fake.xlsx
V00408;2024-09-22;P015;C005;V01;1;294.28;0.15;294.28;44.14;250.14;Marketplace;dataset_vendas_fake.xlsx
V00409;2024-11-09;P011;C006;V06;1;1311.4;0.0;1311.4;0.0;1311.4;Marketplace;dataset_vendas_fake.xlsx
V00410;2024-10-30;P011;C017;V04;1;1419.01;0.0;1419.01;0.0;1419.01;Marketplace;dataset_vendas_fake.xlsx
V00411;2024-08-31;P001;C012;V06;3;4257.55;0.0;12772.65;0.0;12772.65;Loja Física;dataset_vendas_fake.xlsx
V00412;2024-08-01;P019;C010;V02;1;502.55;0.0;502.55;0.0;502.55;Vendedor Externo;dataset_vendas_fake.xlsx
V00413;2024-05-15;P019;C019;V05;3;481.31;0.2;1443.93;288.79;1155.14;Loja Física;dataset_vendas_fake.xlsx
V00414;2024-10-25;P016;C006;V06;1;745.93;0.05;745.93;37.3;708.63;E-commerce;dataset_vendas_fake.xlsx
V00415;2024-12-14;P008;C002;V01;2;1854.81;0.05;3709.62;185.48;3524.14;E-commerce;dataset_vendas_fake.xlsx
V00416;2024-01-10;P015;C011;V08;2;272.15;0.0;544.3;0.0;544.3;E-commerce;dataset_vendas_fake.xlsx
V00417;2024-07-30;P007;C014;V04;3;2785.07;0.05;8355.21;417.76;7937.45;Loja Física;dataset_vendas_fake.xlsx
V00418;2024-12-27;P005;C017;V04;1;1936.59;0.0;1936.59;0.0;1936.59;Marketplace;dataset_vendas_fake.xlsx
V00419;2024-12-05;P016;C017;V04;2;672.29;0.0;1344.58;0.0;1344.58;Marketplace;dataset_vendas_fake.xlsx
V00420;2024-03-29;P015;C030;V08;1;267.22;0.0;267.22;0.0;267.22;Marketplace;dataset_vendas_fake.xlsx
V00421;2024-12-12;P009;C020;V06;1;382.29;0.0;382.29;0.0;382.29;E-commerce;dataset_vendas_fake.xlsx
V00422;2024-05-06;P009;C018;V05;1;313.52;0.0;313.52;0.0;313.52;E-commerce;dataset_vendas_fake.xlsx
V00423;2024-06-01;P010;C023;V05;1;453.75;0.0;453.75;0.0;453.75;Vendedor Externo;dataset_vendas_fake.xlsx
V00424;2024-06-11;P016;C012;V06;1;716.76;0.1;716.76;71.68;645.08;Marketplace;dataset_vendas_fake.xlsx
V00425;2024-03-03;P019;C022;V06;2;429.71;0.0;859.42;0.0;859.42;Vendedor Externo;dataset_vendas_fake.xlsx
V00426;2024-06-25;P005;C010;V02;1;2002.07;0.2;2002.07;400.41;1601.66;Marketplace;dataset_vendas_fake.xlsx
V00427;2024-12-31;P003;C012;V06;1;64.11;0.0;64.11;0.0;64.11;Marketplace;dataset_vendas_fake.xlsx
V00428;2024-09-02;P007;C007;V06;2;2747.17;0.0;5494.34;0.0;5494.34;Marketplace;dataset_vendas_fake.xlsx
V00429;2024-03-11;P004;C020;V01;1;257.62;0.0;257.62;0.0;257.62;E-commerce;dataset_vendas_fake.xlsx
V00430;2024-01-26;P017;C008;V03;1;479.42;0.0;479.42;0.0;479.42;Loja Física;dataset_vendas_fake.xlsx
V00431;2024-02-21;P014;C011;V08;1;97.23;0.0;97.23;0.0;97.23;Loja Física;dataset_vendas_fake.xlsx
V00432;2024-12-14;P005;C001;V01;2;2295.31;0.0;4590.62;0.0;4590.62;Vendedor Externo;dataset_vendas_fake.xlsx
V00433;2024-11-30;P016;C016;V02;1;617.57;0.0;617.57;0.0;617.57;Marketplace;dataset_vendas_fake.xlsx
V00434;2024-06-13;P010;C021;V02;2;403.54;0.15;807.08;121.06;686.02;Loja Física;dataset_vendas_fake.xlsx
V00435;2024-11-29;P019;C008;V03;1;489.41;0.05;489.41;24.47;464.94;E-commerce;dataset_vendas_fake.xlsx
V00436;2024-08-01;P006;C030;V03;3;1049.95;0.1;3149.85;314.98;2834.87;Vendedor Externo;dataset_vendas_fake.xlsx
V00437;2024-09-10;P006;C030;V08;1;1074.63;0.0;1074.63;0.0;1074.63;Loja Física;dataset_vendas_fake.xlsx
V00438;2024-01-05;P010;C019;V05;3;461.33;0.1;1383.99;138.4;1245.59;Marketplace;dataset_vendas_fake.xlsx
V00439;2024-05-25;P015;C021;V07;1;309.8;0.0;309.8;0.0;309.8;E-commerce;dataset_vendas_fake.xlsx
V00440;2024-09-15;P015;C009;V01;2;268.5;0.0;537.0;0.0;537.0;Loja Física;dataset_vendas_fake.xlsx
V00441;2024-06-18;P006;C024;V06;1;914.09;0.1;914.09;91.41;822.68;Marketplace;dataset_vendas_fake.xlsx
V00442;2024-04-05;P001;C024;V06;1;5092.97;0.0;5092.97;0.0;5092.97;Marketplace;dataset_vendas_fake.xlsx
V00443;2024-10-17;P007;C006;V06;1;2900.15;0.0;2900.15;0.0;2900.15;Vendedor Externo;dataset_vendas_fake.xlsx
V00444;2024-09-20;P011;C003;V07;1;1285.5;0.05;1285.5;64.28;1221.22;Loja Física;dataset_vendas_fake.xlsx
V00445;2024-04-04;P005;C016;V07;1;2398.08;0.2;2398.08;479.62;1918.46;E-commerce;dataset_vendas_fake.xlsx
V00446;2024-01-04;P009;C013;V02;2;329.96;0.0;659.92;0.0;659.92;Vendedor Externo;dataset_vendas_fake.xlsx
V00447;2024-05-16;P011;C010;V02;1;1122.05;0.0;1122.05;0.0;1122.05;Marketplace;dataset_vendas_fake.xlsx
V00448;2024-11-30;P012;C023;V05;1;1010.03;0.05;1010.03;50.5;959.53;Loja Física;dataset_vendas_fake.xlsx
V00449;2024-12-07;P004;C015;V08;2;251.81;0.0;503.62;0.0;503.62;E-commerce;dataset_vendas_fake.xlsx
V00450;2024-07-26;P017;C030;V08;1;606.36;0.0;606.36;0.0;606.36;Loja Física;dataset_vendas_fake.xlsx
V00451;2024-11-23;P010;C012;V01;3;464.81;0.0;1394.43;0.0;1394.43;E-commerce;dataset_vendas_fake.xlsx
V00452;2024-03-09;P016;C005;V06;2;681.76;0.1;1363.52;136.35;1227.17;Marketplace;dataset_vendas_fake.xlsx
V00453;2024-07-31;P018;C030;V08;3;866.51;0.0;2599.53;0.0;2599.53;E-commerce;dataset_vendas_fake.xlsx
V00454;2024-05-06;P020;C028;V05;1;204.01;0.0;204.01;0.0;204.01;Vendedor Externo;dataset_vendas_fake.xlsx
V00455;2024-09-27;P012;C003;V02;2;956.18;0.05;1912.36;95.62;1816.74;Loja Física;dataset_vendas_fake.xlsx
V00456;2024-10-07;P017;C007;V01;1;570.2;0.15;570.2;85.53;484.67;E-commerce;dataset_vendas_fake.xlsx
V00457;2024-06-16;P017;C015;V03;1;506.59;0.2;506.59;101.32;405.27;E-commerce;dataset_vendas_fake.xlsx
V00458;2024-10-25;P016;C003;V07;1;743.54;0.0;743.54;0.0;743.54;Loja Física;dataset_vendas_fake.xlsx
V00459;2024-08-20;P005;C017;V04;1;2332.14;0.0;2332.14;0.0;2332.14;Vendedor Externo;dataset_vendas_fake.xlsx
V00460;2024-10-15;P002;C018;V05;1;3852.05;0.0;3852.05;0.0;3852.05;Marketplace;dataset_vendas_fake.xlsx
V00461;2024-01-12;P013;C009;V01;1;131.75;0.2;131.75;26.35;105.4;E-commerce;dataset_vendas_fake.xlsx
V00462;2024-10-23;P003;C002;V06;1;66.59;0.0;66.59;0.0;66.59;Marketplace;dataset_vendas_fake.xlsx
V00463;2024-12-24;P003;C018;V05;2;58.31;0.2;116.62;23.32;93.3;Loja Física;dataset_vendas_fake.xlsx
V00464;2024-08-29;P002;C010;V07;1;3731.33;0.0;3731.33;0.0;3731.33;E-commerce;dataset_vendas_fake.xlsx
V00465;2024-03-10;P014;C012;V06;1;107.39;0.0;107.39;0.0;107.39;Vendedor Externo;dataset_vendas_fake.xlsx
V00466;2024-07-12;P013;C003;V02;2;133.08;0.0;266.16;0.0;266.16;Marketplace;dataset_vendas_fake.xlsx
V00467;2024-03-01;P006;C018;V05;2;1048.16;0.0;2096.32;0.0;2096.32;E-commerce;dataset_vendas_fake.xlsx
V00468;2024-04-24;P001;C025;V03;1;4041.07;0.05;4041.07;202.05;3839.02;Marketplace;dataset_vendas_fake.xlsx
V00469;2024-08-25;P018;C014;V04;2;877.99;0.1;1755.98;175.6;1580.38;E-commerce;dataset_vendas_fake.xlsx
V00470;2024-05-06;P015;C012;V01;2;305.52;0.1;611.04;61.1;549.94;Marketplace;dataset_vendas_fake.xlsx
V00471;2024-04-06;P004;C002;V06;1;232.05;0.0;232.05;0.0;232.05;Loja Física;dataset_vendas_fake.xlsx
V00472;2024-05-03;P007;C003;V02;1;2728.23;0.15;2728.23;409.23;2319.0;Loja Física;dataset_vendas_fake.xlsx
V00473;2024-08-16;P020;C022;V01;1;168.06;0.0;168.06;0.0;168.06;E-commerce;dataset_vendas_fake.xlsx
V00474;2024-01-23;P013;C015;V03;4;129.26;0.0;517.04;0.0;517.04;E-commerce;dataset_vendas_fake.xlsx
V00475;2024-01-29;P005;C017;V04;1;1952.88;0.2;1952.88;390.58;1562.3;E-commerce;dataset_vendas_fake.xlsx
V00476;2024-10-21;P011;C019;V05;4;1114.04;0.15;4456.16;668.42;3787.74;E-commerce;dataset_vendas_fake.xlsx
V00477;2024-06-03;P005;C022;V01;2;2330.66;0.0;4661.32;0.0;4661.32;Vendedor Externo;dataset_vendas_fake.xlsx
V00478;2024-06-02;P009;C002;V01;1;355.27;0.0;355.27;0.0;355.27;Vendedor Externo;dataset_vendas_fake.xlsx
V00479;2024-10-11;P016;C002;V06;1;605.04;0.0;605.04;0.0;605.04;Vendedor Externo;dataset_vendas_fake.xlsx
V00480;2024-09-25;P011;C023;V05;2;1175.38;0.0;2350.76;0.0;2350.76;Vendedor Externo;dataset_vendas_fake.xlsx
V00481;2024-03-17;P010;C013;V02;4;410.52;0.0;1642.08;0.0;1642.08;Vendedor Externo;dataset_vendas_fake.xlsx
V00482;2024-05-03;P008;C010;V02;1;1864.62;0.0;1864.62;0.0;1864.62;Vendedor Externo;dataset_vendas_fake.xlsx
V00483;2024-01-30;P018;C014;V04;2;956.87;0.15;1913.74;287.06;1626.68;E-commerce;dataset_vendas_fake.xlsx
V00484;2024-07-17;P008;C009;V01;2;1708.81;0.0;3417.62;0.0;3417.62;Marketplace;dataset_vendas_fake.xlsx
V00485;2024-11-27;P003;C030;V08;3;65.24;0.0;195.72;0.0;195.72;Marketplace;dataset_vendas_fake.xlsx
V00486;2024-02-17;P018;C024;V01;4;924.63;0.0;3698.52;0.0;3698.52;Loja Física;dataset_vendas_fake.xlsx
V00487;2024-05-17;P013;C022;V01;1;140.66;0.0;140.66;0.0;140.66;Loja Física;dataset_vendas_fake.xlsx
V00488;2024-04-06;P019;C024;V01;2;437.68;0.0;875.36;0.0;875.36;Vendedor Externo;dataset_vendas_fake.xlsx
V00489;2024-04-16;P011;C010;V02;5;1127.52;0.2;5637.6;1127.52;4510.08;E-commerce;dataset_vendas_fake.xlsx
V00490;2024-04-07;P004;C024;V06;1;279.86;0.05;279.86;13.99;265.87;E-commerce;dataset_vendas_fake.xlsx
V00491;2024-12-22;P020;C023;V05;1;196.1;0.1;196.1;19.61;176.49;Vendedor Externo;dataset_vendas_fake.xlsx
V00492;2024-05-02;P018;C011;V08;1;845.97;0.0;845.97;0.0;845.97;Vendedor Externo;dataset_vendas_fake.xlsx
V00493;2024-08-26;P018;C021;V07;2;940.42;0.05;1880.84;94.04;1786.8;Marketplace;dataset_vendas_fake.xlsx
V00494;2024-05-13;P012;C017;V04;1;998.56;0.0;998.56;0.0;998.56;Vendedor Externo;dataset_vendas_fake.xlsx
V00495;2024-02-20;P016;C025;V08;1;600.97;0.0;600.97;0.0;600.97;E-commerce;dataset_vendas_fake.xlsx
V00496;2024-07-08;P011;C014;V04;1;1235.91;0.0;1235.91;0.0;1235.91;E-commerce;dataset_vendas_fake.xlsx
V00497;2024-03-15;P001;C009;V06;1;4502.54;0.0;4502.54;0.0;4502.54;Marketplace;dataset_vendas_fake.xlsx
V00498;2024-03-19;P007;C011;V03;1;2526.13;0.0;2526.13;0.0;2526.13;Vendedor Externo;dataset_vendas_fake.xlsx
V00499;2024-10-18;P008;C016;V07;2;1780.65;0.0;3561.3;0.0;3561.3;Marketplace;dataset_vendas_fake.xlsx
V00500;2024-09-07;P016;C015;V03;1;663.8;0.1;663.8;66.38;597.42;Marketplace;dataset_vendas_fake.xlsx
V00501;2024-03-27;P005;C024;V06;1;2126.57;0.0;2126.57;0.0;2126.57;E-commerce;dataset_vendas_fake.xlsx
V00502;2024-10-04;P002;C017;V04;1;3872.59;0.0;3872.59;0.0;3872.59;Loja Física;dataset_vendas_fake.xlsx
V00503;2024-12-08;P002;C025;V03;1;4022.93;0.0;4022.93;0.0;4022.93;Vendedor Externo;dataset_vendas_fake.xlsx
V00504;2024-03-11;P008;C003;V02;2;1841.45;0.05;3682.9;184.14;3498.76;Loja Física;dataset_vendas_fake.xlsx
V00505;2024-04-21;P017;C015;V08;4;477.42;0.0;1909.68;0.0;1909.68;Loja Física;dataset_vendas_fake.xlsx
V00506;2024-11-12;P020;C030;V08;1;191.96;0.1;191.96;19.2;172.76;Vendedor Externo;dataset_vendas_fake.xlsx
V00507;2024-01-09;P001;C018;V05;1;5038.28;0.0;5038.28;0.0;5038.28;Loja Física;dataset_vendas_fake.xlsx
V00508;2024-01-09;P017;C024;V06;4;521.77;0.0;2087.08;0.0;2087.08;Marketplace;dataset_vendas_fake.xlsx
V00509;2024-01-09;P017;C027;V04;1;509.15;0.0;509.15;0.0;509.15;E-commerce;dataset_vendas_fake.xlsx
V00510;2024-02-24;P004;C017;V04;1;275.59;0.0;275.59;0.0;275.59;E-commerce;dataset_vendas_fake.xlsx
V00511;2024-04-08;P020;C017;V04;1;190.27;0.05;190.27;9.51;180.76;Marketplace;dataset_vendas_fake.xlsx
V00512;2024-05-16;P013;C003;V07;1;132.5;0.0;132.5;0.0;132.5;Vendedor Externo;dataset_vendas_fake.xlsx
V00513;2024-08-23;P019;C008;V03;1;506.05;0.0;506.05;0.0;506.05;Marketplace;dataset_vendas_fake.xlsx
V00514;2024-12-16;P003;C021;V02;1;67.42;0.0;67.42;0.0;67.42;Loja Física;dataset_vendas_fake.xlsx
V00515;2024-07-26;P013;C013;V07;1;127.28;0.2;127.28;25.46;101.82;Loja Física;dataset_vendas_fake.xlsx
V00516;2024-11-22;P001;C023;V05;1;4902.71;0.0;4902.71;0.0;4902.71;Loja Física;dataset_vendas_fake.xlsx
V00517;2024-09-12;P014;C021;V07;1;110.37;0.15;110.37;16.56;93.81;Loja Física;dataset_vendas_fake.xlsx
V00518;2024-09-27;P002;C008;V03;2;4302.81;0.1;8605.62;860.56;7745.06;Vendedor Externo;dataset_vendas_fake.xlsx
V00519;2024-05-18;P002;C030;V03;1;3707.8;0.0;3707.8;0.0;3707.8;Marketplace;dataset_vendas_fake.xlsx
V00520;2024-10-05;P019;C022;V01;1;524.94;0.15;524.94;78.74;446.2;E-commerce;dataset_vendas_fake.xlsx
V00521;2024-06-10;P001;C007;V01;1;4265.3;0.05;4265.3;213.26;4052.04;Vendedor Externo;dataset_vendas_fake.xlsx
V00522;2024-02-09;P010;C006;V01;1;492.13;0.0;492.13;0.0;492.13;Vendedor Externo;dataset_vendas_fake.xlsx
V00523;2024-12-12;P018;C011;V08;2;795.73;0.0;1591.46;0.0;1591.46;E-commerce;dataset_vendas_fake.xlsx
V00524;2024-12-18;P003;C017;V04;1;65.49;0.0;65.49;0.0;65.49;Loja Física;dataset_vendas_fake.xlsx
V00525;2024-02-20;P014;C008;V03;2;116.4;0.0;232.8;0.0;232.8;Marketplace;dataset_vendas_fake.xlsx
V00526;2024-11-05;P020;C020;V06;1;163.58;0.0;163.58;0.0;163.58;Marketplace;dataset_vendas_fake.xlsx
V00527;2024-01-16;P009;C026;V07;2;360.34;0.0;720.68;0.0;720.68;Vendedor Externo;dataset_vendas_fake.xlsx
V00528;2024-04-26;P012;C018;V05;1;947.74;0.0;947.74;0.0;947.74;Vendedor Externo;dataset_vendas_fake.xlsx
V00529;2024-04-05;P019;C022;V06;5;441.24;0.0;2206.2;0.0;2206.2;Loja Física;dataset_vendas_fake.xlsx
V00530;2024-11-12;P010;C026;V02;1;447.96;0.05;447.96;22.4;425.56;Loja Física;dataset_vendas_fake.xlsx
V00531;2024-02-12;P009;C005;V06;2;399.23;0.0;798.46;0.0;798.46;E-commerce;dataset_vendas_fake.xlsx
V00532;2024-07-18;P011;C012;V01;1;1338.13;0.0;1338.13;0.0;1338.13;Loja Física;dataset_vendas_fake.xlsx
V00533;2024-01-03;P010;C015;V08;1;408.89;0.0;408.89;0.0;408.89;Marketplace;dataset_vendas_fake.xlsx
V00534;2024-02-22;P005;C003;V02;3;1975.73;0.0;5927.19;0.0;5927.19;Vendedor Externo;dataset_vendas_fake.xlsx
V00535;2024-08-17;P018;C018;V05;1;852.03;0.0;852.03;0.0;852.03;Loja Física;dataset_vendas_fake.xlsx
V00536;2024-01-14;P003;C012;V01;1;57.31;0.1;57.31;5.73;51.58;Marketplace;dataset_vendas_fake.xlsx
V00537;2024-07-16;P001;C010;V07;1;4604.81;0.1;4604.81;460.48;4144.33;Vendedor Externo;dataset_vendas_fake.xlsx
V00538;2024-02-13;P018;C029;V01;2;890.65;0.0;1781.3;0.0;1781.3;E-commerce;dataset_vendas_fake.xlsx
V00539;2024-12-16;P013;C006;V01;1;141.01;0.2;141.01;28.2;112.81;Marketplace;dataset_vendas_fake.xlsx
V00540;2024-06-03;P009;C016;V02;2;361.31;0.05;722.62;36.13;686.49;Loja Física;dataset_vendas_fake.xlsx
V00541;2024-03-26;P014;C009;V06;1;95.33;0.0;95.33;0.0;95.33;Marketplace;dataset_vendas_fake.xlsx
V00542;2024-09-04;P003;C012;V06;4;59.01;0.0;236.04;0.0;236.04;E-commerce;dataset_vendas_fake.xlsx
V00543;2024-11-16;P016;C020;V01;1;690.02;0.0;690.02;0.0;690.02;Vendedor Externo;dataset_vendas_fake.xlsx
V00544;2024-02-24;P005;C010;V02;1;2271.99;0.0;2271.99;0.0;2271.99;Vendedor Externo;dataset_vendas_fake.xlsx
V00545;2024-06-19;P020;C013;V07;2;198.69;0.15;397.38;59.61;337.77;Vendedor Externo;dataset_vendas_fake.xlsx
V00546;2024-06-20;P014;C027;V04;1;104.23;0.0;104.23;0.0;104.23;Marketplace;dataset_vendas_fake.xlsx
V00547;2024-06-13;P020;C023;V05;5;204.68;0.0;1023.4;0.0;1023.4;Vendedor Externo;dataset_vendas_fake.xlsx
V00548;2024-06-09;P006;C013;V07;2;1002.63;0.0;2005.26;0.0;2005.26;Marketplace;dataset_vendas_fake.xlsx
V00549;2024-12-21;P016;C019;V05;1;726.89;0.0;726.89;0.0;726.89;Marketplace;dataset_vendas_fake.xlsx
V00550;2024-07-11;P009;C027;V04;2;380.93;0.05;761.86;38.09;723.77;Marketplace;dataset_vendas_fake.xlsx
V00551;2024-02-28;P019;C007;V01;1;461.07;0.0;461.07;0.0;461.07;Loja Física;dataset_vendas_fake.xlsx
V00552;2024-08-24;P007;C015;V08;1;2433.28;0.15;2433.28;364.99;2068.29;Loja Física;dataset_vendas_fake.xlsx
V00553;2024-07-28;P016;C005;V06;1;651.33;0.0;651.33;0.0;651.33;E-commerce;dataset_vendas_fake.xlsx
V00554;2024-05-09;P005;C023;V05;1;2190.31;0.0;2190.31;0.0;2190.31;Vendedor Externo;dataset_vendas_fake.xlsx
V00555;2024-02-07;P015;C020;V06;3;299.03;0.2;897.09;179.42;717.67;Vendedor Externo;dataset_vendas_fake.xlsx
V00556;2024-09-30;P017;C030;V08;3;502.73;0.15;1508.19;226.23;1281.96;Loja Física;dataset_vendas_fake.xlsx
V00557;2024-07-03;P018;C020;V01;1;952.39;0.0;952.39;0.0;952.39;Loja Física;dataset_vendas_fake.xlsx
V00558;2024-05-07;P012;C006;V01;3;1009.98;0.1;3029.94;302.99;2726.95;Vendedor Externo;dataset_vendas_fake.xlsx
V00559;2024-06-18;P014;C004;V01;2;101.75;0.0;203.5;0.0;203.5;Loja Física;dataset_vendas_fake.xlsx
V00560;2024-05-12;P008;C017;V04;1;1572.88;0.0;1572.88;0.0;1572.88;Vendedor Externo;dataset_vendas_fake.xlsx
V00561;2024-07-10;P013;C015;V03;1;151.19;0.0;151.19;0.0;151.19;Marketplace;dataset_vendas_fake.xlsx
V00562;2024-01-13;P016;C004;V06;2;622.26;0.1;1244.52;124.45;1120.07;Vendedor Externo;dataset_vendas_fake.xlsx
V00563;2024-02-13;P004;C027;V04;3;255.68;0.0;767.04;0.0;767.04;Marketplace;dataset_vendas_fake.xlsx
V00564;2024-06-08;P011;C015;V03;2;1166.96;0.0;2333.92;0.0;2333.92;Vendedor Externo;dataset_vendas_fake.xlsx
V00565;2024-06-27;P016;C004;V06;1;624.59;0.0;624.59;0.0;624.59;Vendedor Externo;dataset_vendas_fake.xlsx
V00566;2024-06-12;P003;C010;V02;1;56.66;0.0;56.66;0.0;56.66;Loja Física;dataset_vendas_fake.xlsx
V00567;2024-01-12;P011;C021;V02;4;1283.68;0.2;5134.72;1026.94;4107.78;E-commerce;dataset_vendas_fake.xlsx
V00568;2024-05-04;P017;C006;V01;1;516.47;0.0;516.47;0.0;516.47;Marketplace;dataset_vendas_fake.xlsx
V00569;2024-10-13;P014;C015;V03;1;96.52;0.0;96.52;0.0;96.52;Vendedor Externo;dataset_vendas_fake.xlsx
V00570;2024-11-18;P006;C006;V06;1;1026.8;0.0;1026.8;0.0;1026.8;Vendedor Externo;dataset_vendas_fake.xlsx
V00571;2024-01-15;P020;C029;V01;1;165.29;0.05;165.29;8.26;157.03;Vendedor Externo;dataset_vendas_fake.xlsx
V00572;2024-10-30;P014;C013;V02;1;95.28;0.2;95.28;19.06;76.22;E-commerce;dataset_vendas_fake.xlsx
V00573;2024-04-15;P009;C025;V03;1;373.32;0.2;373.32;74.66;298.66;Loja Física;dataset_vendas_fake.xlsx
V00574;2024-10-01;P006;C012;V06;1;909.85;0.0;909.85;0.0;909.85;E-commerce;dataset_vendas_fake.xlsx
V00575;2024-08-22;P004;C009;V06;1;231.37;0.0;231.37;0.0;231.37;Marketplace;dataset_vendas_fake.xlsx
V00576;2024-11-01;P013;C020;V06;1;135.69;0.2;135.69;27.14;108.55;Loja Física;dataset_vendas_fake.xlsx
V00577;2024-06-27;P012;C028;V05;2;952.46;0.0;1904.92;0.0;1904.92;E-commerce;dataset_vendas_fake.xlsx
V00578;2024-12-10;P010;C030;V03;2;459.03;0.0;918.06;0.0;918.06;E-commerce;dataset_vendas_fake.xlsx
V00579;2024-06-09;P004;C008;V08;1;280.86;0.0;280.86;0.0;280.86;Loja Física;dataset_vendas_fake.xlsx
V00580;2024-04-03;P012;C023;V05;1;896.17;0.0;896.17;0.0;896.17;Vendedor Externo;dataset_vendas_fake.xlsx
V00581;2024-08-02;P020;C005;V06;2;195.88;0.05;391.76;19.59;372.17;Vendedor Externo;dataset_vendas_fake.xlsx
V00582;2024-04-05;P016;C021;V02;1;669.91;0.0;669.91;0.0;669.91;E-commerce;dataset_vendas_fake.xlsx
V00583;2024-09-07;P010;C005;V01;1;429.1;0.05;429.1;21.46;407.64;Marketplace;dataset_vendas_fake.xlsx
V00584;2024-08-18;P020;C002;V06;1;186.86;0.0;186.86;0.0;186.86;Loja Física;dataset_vendas_fake.xlsx
V00585;2024-09-05;P005;C007;V06;1;2001.63;0.2;2001.63;400.33;1601.3;Vendedor Externo;dataset_vendas_fake.xlsx
V00586;2024-07-28;P016;C014;V04;2;761.21;0.0;1522.42;0.0;1522.42;Vendedor Externo;dataset_vendas_fake.xlsx
V00587;2024-03-26;P003;C019;V05;1;64.88;0.0;64.88;0.0;64.88;E-commerce;dataset_vendas_fake.xlsx
V00588;2024-05-29;P002;C009;V01;2;3596.12;0.0;7192.24;0.0;7192.24;Marketplace;dataset_vendas_fake.xlsx
V00589;2024-03-27;P015;C019;V05;1;286.36;0.05;286.36;14.32;272.04;Loja Física;dataset_vendas_fake.xlsx
V00590;2024-10-20;P004;C009;V06;1;248.68;0.0;248.68;0.0;248.68;Loja Física;dataset_vendas_fake.xlsx
V00591;2024-08-13;P018;C007;V06;1;945.35;0.1;945.35;94.54;850.81;Loja Física;dataset_vendas_fake.xlsx
V00592;2024-11-30;P008;C010;V02;4;1830.5;0.0;7322.0;0.0;7322.0;Vendedor Externo;dataset_vendas_fake.xlsx
V00593;2024-05-14;P012;C028;V05;2;912.05;0.0;1824.1;0.0;1824.1;Vendedor Externo;dataset_vendas_fake.xlsx
V00594;2024-03-01;P008;C007;V06;2;1516.14;0.15;3032.28;454.84;2577.44;Vendedor Externo;dataset_vendas_fake.xlsx
V00595;2024-03-25;P020;C005;V01;1;191.49;0.0;191.49;0.0;191.49;E-commerce;dataset_vendas_fake.xlsx
V00596;2024-01-31;P019;C012;V06;3;500.76;0.0;1502.28;0.0;1502.28;E-commerce;dataset_vendas_fake.xlsx
V00597;2024-06-14;P010;C010;V07;1;458.06;0.0;458.06;0.0;458.06;Loja Física;dataset_vendas_fake.xlsx
V00598;2024-03-10;P014;C030;V03;2;107.2;0.0;214.4;0.0;214.4;Marketplace;dataset_vendas_fake.xlsx
V00599;2024-12-01;P005;C023;V05;1;1919.52;0.05;1919.52;95.98;1823.54;E-commerce;dataset_vendas_fake.xlsx
V00600;2024-03-15;P011;C027;V04;1;1134.7;0.0;1134.7;0.0;1134.7;Vendedor Externo;dataset_vendas_fake.xlsx
V00601;2024-09-07;P005;C019;V05;4;2262.19;0.0;9048.76;0.0;9048.76;Vendedor Externo;dataset_vendas_fake.xlsx
V00602;2024-07-11;P015;C003;V02;1;288.2;0.05;288.2;14.41;273.79;Vendedor Externo;dataset_vendas_fake.xlsx
V00603;2024-09-20;P009;C023;V05;2;328.7;0.0;657.4;0.0;657.4;Vendedor Externo;dataset_vendas_fake.xlsx
V00604;2024-09-06;P011;C019;V05;1;1318.18;0.05;1318.18;65.91;1252.27;Loja Física;dataset_vendas_fake.xlsx
V00605;2024-08-22;P012;C028;V05;1;817.26;0.0;817.26;0.0;817.26;Vendedor Externo;dataset_vendas_fake.xlsx
V00606;2024-04-21;P014;C027;V04;4;101.51;0.05;406.04;20.3;385.74;Vendedor Externo;dataset_vendas_fake.xlsx
V00607;2024-05-17;P011;C027;V04;2;1231.47;0.0;2462.94;0.0;2462.94;Marketplace;dataset_vendas_fake.xlsx
V00608;2024-10-07;P019;C005;V06;1;498.19;0.05;498.19;24.91;473.28;Marketplace;dataset_vendas_fake.xlsx
V00609;2024-12-15;P002;C002;V01;2;4019.7;0.0;8039.4;0.0;8039.4;Vendedor Externo;dataset_vendas_fake.xlsx
V00610;2024-01-09;P004;C030;V03;4;275.32;0.0;1101.28;0.0;1101.28;Vendedor Externo;dataset_vendas_fake.xlsx
V00611;2024-08-21;P001;C014;V04;5;4674.11;0.0;23370.55;0.0;23370.55;E-commerce;dataset_vendas_fake.xlsx
V00612;2024-11-28;P010;C006;V06;2;490.92;0.0;981.84;0.0;981.84;Loja Física;dataset_vendas_fake.xlsx
V00613;2024-12-01;P012;C009;V01;1;889.46;0.15;889.46;133.42;756.04;Marketplace;dataset_vendas_fake.xlsx
V00614;2024-12-06;P006;C002;V06;1;966.18;0.0;966.18;0.0;966.18;Marketplace;dataset_vendas_fake.xlsx
V00615;2024-12-24;P008;C014;V04;1;1757.43;0.15;1757.43;263.61;1493.82;Loja Física;dataset_vendas_fake.xlsx
V00616;2024-01-01;P007;C016;V02;1;2455.8;0.0;2455.8;0.0;2455.8;E-commerce;dataset_vendas_fake.xlsx
V00617;2024-10-30;P008;C017;V04;3;1771.24;0.0;5313.72;0.0;5313.72;Loja Física;dataset_vendas_fake.xlsx
V00618;2024-01-05;P011;C027;V04;2;1380.82;0.1;2761.64;276.16;2485.48;Vendedor Externo;dataset_vendas_fake.xlsx
V00619;2024-12-21;P005;C016;V02;3;2007.43;0.05;6022.29;301.11;5721.18;E-commerce;dataset_vendas_fake.xlsx
V00620;2024-07-15;P003;C024;V01;1;69.51;0.05;69.51;3.48;66.03;Loja Física;dataset_vendas_fake.xlsx
V00621;2024-06-09;P012;C029;V06;2;961.78;0.0;1923.56;0.0;1923.56;E-commerce;dataset_vendas_fake.xlsx
V00622;2024-07-14;P005;C021;V02;1;2391.95;0.15;2391.95;358.79;2033.16;Loja Física;dataset_vendas_fake.xlsx
V00623;2024-09-28;P019;C001;V01;1;444.61;0.0;444.61;0.0;444.61;Vendedor Externo;dataset_vendas_fake.xlsx
V00624;2024-06-28;P007;C021;V02;2;2918.83;0.0;5837.66;0.0;5837.66;Vendedor Externo;dataset_vendas_fake.xlsx
V00625;2024-11-11;P015;C028;V05;1;324.29;0.05;324.29;16.21;308.08;Loja Física;dataset_vendas_fake.xlsx
V00626;2024-02-21;P005;C025;V03;1;2184.93;0.0;2184.93;0.0;2184.93;Vendedor Externo;dataset_vendas_fake.xlsx
V00627;2024-06-28;P014;C011;V03;1;108.58;0.0;108.58;0.0;108.58;E-commerce;dataset_vendas_fake.xlsx
V00628;2024-05-21;P003;C008;V08;3;66.27;0.05;198.81;9.94;188.87;Loja Física;dataset_vendas_fake.xlsx
V00629;2024-12-03;P010;C007;V01;1;451.69;0.0;451.69;0.0;451.69;Vendedor Externo;dataset_vendas_fake.xlsx
V00630;2024-05-31;P002;C026;V02;1;4211.93;0.2;4211.93;842.39;3369.54;Vendedor Externo;dataset_vendas_fake.xlsx
V00631;2024-07-16;P004;C008;V08;1;250.29;0.1;250.29;25.03;225.26;Loja Física;dataset_vendas_fake.xlsx
V00632;2024-09-27;P001;C012;V06;1;4621.7;0.05;4621.7;231.08;4390.62;E-commerce;dataset_vendas_fake.xlsx
V00633;2024-07-17;P019;C014;V04;2;447.37;0.0;894.74;0.0;894.74;E-commerce;dataset_vendas_fake.xlsx
V00634;2024-08-29;P003;C001;V01;2;64.98;0.0;129.96;0.0;129.96;Loja Física;dataset_vendas_fake.xlsx
V00635;2024-05-14;P007;C002;V01;2;2398.48;0.05;4796.96;239.85;4557.11;Vendedor Externo;dataset_vendas_fake.xlsx
V00636;2024-09-16;P010;C021;V07;1;507.3;0.0;507.3;0.0;507.3;Vendedor Externo;dataset_vendas_fake.xlsx
V00637;2024-12-25;P013;C003;V02;1;123.7;0.0;123.7;0.0;123.7;Marketplace;dataset_vendas_fake.xlsx
V00638;2024-02-12;P010;C003;V02;3;511.59;0.0;1534.77;0.0;1534.77;E-commerce;dataset_vendas_fake.xlsx
V00639;2024-10-01;P011;C013;V02;1;1337.43;0.1;1337.43;133.74;1203.69;Marketplace;dataset_vendas_fake.xlsx
V00640;2024-12-23;P014;C024;V01;1;104.03;0.0;104.03;0.0;104.03;Loja Física;dataset_vendas_fake.xlsx
V00641;2024-05-05;P003;C030;V08;2;56.3;0.0;112.6;0.0;112.6;Loja Física;dataset_vendas_fake.xlsx
V00642;2024-08-20;P020;C020;V01;1;198.64;0.0;198.64;0.0;198.64;Marketplace;dataset_vendas_fake.xlsx
V00643;2024-12-07;P006;C004;V01;1;992.84;0.0;992.84;0.0;992.84;E-commerce;dataset_vendas_fake.xlsx
V00644;2024-12-25;P001;C006;V06;1;4649.58;0.0;4649.58;0.0;4649.58;Marketplace;dataset_vendas_fake.xlsx
V00645;2024-09-24;P017;C026;V07;1;555.26;0.0;555.26;0.0;555.26;E-commerce;dataset_vendas_fake.xlsx
V00646;2024-07-09;P005;C024;V06;2;2016.66;0.1;4033.32;403.33;3629.99;Loja Física;dataset_vendas_fake.xlsx
V00647;2024-01-16;P011;C026;V07;1;1136.5;0.0;1136.5;0.0;1136.5;Marketplace;dataset_vendas_fake.xlsx
V00648;2024-09-25;P003;C009;V01;1;68.61;0.05;68.61;3.43;65.18;Vendedor Externo;dataset_vendas_fake.xlsx
V00649;2024-08-21;P017;C012;V01;2;543.8;0.0;1087.6;0.0;1087.6;Vendedor Externo;dataset_vendas_fake.xlsx
V00650;2024-10-17;P006;C012;V01;1;955.41;0.0;955.41;0.0;955.41;Marketplace;dataset_vendas_fake.xlsx
V00651;2024-02-22;P019;C022;V01;1;451.25;0.0;451.25;0.0;451.25;E-commerce;dataset_vendas_fake.xlsx
V00652;2024-09-17;P001;C002;V01;2;5118.15;0.15;10236.3;1535.44;8700.86;E-commerce;dataset_vendas_fake.xlsx
V00653;2024-01-24;P016;C012;V06;2;670.77;0.0;1341.54;0.0;1341.54;E-commerce;dataset_vendas_fake.xlsx
V00654;2024-04-01;P002;C018;V05;2;3615.97;0.0;7231.94;0.0;7231.94;E-commerce;dataset_vendas_fake.xlsx
V00655;2024-06-13;P008;C014;V04;2;1661.21;0.0;3322.42;0.0;3322.42;Marketplace;dataset_vendas_fake.xlsx
V00656;2024-02-09;P019;C012;V01;1;446.95;0.0;446.95;0.0;446.95;Loja Física;dataset_vendas_fake.xlsx
V00657;2024-04-01;P008;C026;V02;1;1511.0;0.0;1511.0;0.0;1511.0;Vendedor Externo;dataset_vendas_fake.xlsx
V00658;2024-02-05;P015;C028;V05;2;282.57;0.0;565.14;0.0;565.14;Marketplace;dataset_vendas_fake.xlsx
V00659;2024-06-16;P003;C018;V05;1;71.07;0.0;71.07;0.0;71.07;Loja Física;dataset_vendas_fake.xlsx
V00660;2024-07-07;P007;C010;V07;1;2955.37;0.1;2955.37;295.54;2659.83;E-commerce;dataset_vendas_fake.xlsx
V00661;2024-08-25;P012;C019;V05;1;995.1;0.0;995.1;0.0;995.1;E-commerce;dataset_vendas_fake.xlsx
V00662;2024-10-06;P008;C005;V01;1;1556.06;0.0;1556.06;0.0;1556.06;Vendedor Externo;dataset_vendas_fake.xlsx
V00663;2024-01-13;P008;C018;V05;2;1708.51;0.0;3417.02;0.0;3417.02;Loja Física;dataset_vendas_fake.xlsx
V00664;2024-06-20;P001;C025;V08;2;4857.37;0.0;9714.74;0.0;9714.74;Marketplace;dataset_vendas_fake.xlsx
V00665;2024-02-23;P007;C017;V04;2;2465.01;0.05;4930.02;246.5;4683.52;Vendedor Externo;dataset_vendas_fake.xlsx
V00666;2024-09-08;P002;C005;V06;2;4437.48;0.0;8874.96;0.0;8874.96;Loja Física;dataset_vendas_fake.xlsx
V00667;2024-01-23;P008;C029;V06;1;1618.52;0.0;1618.52;0.0;1618.52;Marketplace;dataset_vendas_fake.xlsx
V00668;2024-08-22;P003;C019;V05;1;70.52;0.0;70.52;0.0;70.52;E-commerce;dataset_vendas_fake.xlsx
V00669;2024-11-22;P013;C003;V02;1;144.0;0.0;144.0;0.0;144.0;Vendedor Externo;dataset_vendas_fake.xlsx
V00670;2024-12-05;P005;C008;V08;2;1909.32;0.0;3818.64;0.0;3818.64;Marketplace;dataset_vendas_fake.xlsx
V00671;2024-06-10;P013;C023;V05;1;120.83;0.15;120.83;18.12;102.71;Marketplace;dataset_vendas_fake.xlsx
V00672;2024-08-19;P009;C008;V03;1;359.09;0.0;359.09;0.0;359.09;E-commerce;dataset_vendas_fake.xlsx
V00673;2024-03-10;P019;C004;V01;1;532.08;0.0;532.08;0.0;532.08;Loja Física;dataset_vendas_fake.xlsx
V00674;2024-03-25;P015;C015;V08;2;333.31;0.0;666.62;0.0;666.62;Vendedor Externo;dataset_vendas_fake.xlsx
V00675;2024-03-02;P018;C012;V01;4;786.34;0.0;3145.36;0.0;3145.36;Vendedor Externo;dataset_vendas_fake.xlsx
V00676;2024-06-06;P015;C009;V01;1;316.22;0.2;316.22;63.24;252.98;Loja Física;dataset_vendas_fake.xlsx
V00677;2024-03-21;P010;C027;V04;1;473.27;0.0;473.27;0.0;473.27;E-commerce;dataset_vendas_fake.xlsx
V00678;2024-06-16;P005;C003;V02;1;2118.56;0.2;2118.56;423.71;1694.85;Marketplace;dataset_vendas_fake.xlsx
V00679;2024-07-21;P017;C002;V06;2;521.48;0.0;1042.96;0.0;1042.96;Marketplace;dataset_vendas_fake.xlsx
V00680;2024-03-30;P001;C013;V07;1;4252.35;0.0;4252.35;0.0;4252.35;E-commerce;dataset_vendas_fake.xlsx
V00681;2024-02-18;P015;C004;V01;3;303.75;0.0;911.25;0.0;911.25;Loja Física;dataset_vendas_fake.xlsx
V00682;2024-01-07;P002;C027;V04;1;4342.94;0.05;4342.94;217.15;4125.79;E-commerce;dataset_vendas_fake.xlsx
V00683;2024-04-11;P013;C012;V01;1;142.29;0.0;142.29;0.0;142.29;Marketplace;dataset_vendas_fake.xlsx
V00684;2024-02-08;P001;C003;V02;1;4513.3;0.0;4513.3;0.0;4513.3;Vendedor Externo;dataset_vendas_fake.xlsx
V00685;2024-03-06;P003;C029;V06;1;71.14;0.1;71.14;7.11;64.03;Loja Física;dataset_vendas_fake.xlsx
V00686;2024-01-22;P015;C002;V01;2;296.48;0.0;592.96;0.0;592.96;Vendedor Externo;dataset_vendas_fake.xlsx
V00687;2024-07-21;P016;C001;V06;2;691.63;0.0;1383.26;0.0;1383.26;Vendedor Externo;dataset_vendas_fake.xlsx
V00688;2024-03-29;P012;C007;V01;1;995.96;0.0;995.96;0.0;995.96;Marketplace;dataset_vendas_fake.xlsx
V00689;2024-05-23;P015;C029;V01;1;320.29;0.0;320.29;0.0;320.29;Loja Física;dataset_vendas_fake.xlsx
V00690;2024-11-10;P020;C020;V01;1;169.99;0.0;169.99;0.0;169.99;Marketplace;dataset_vendas_fake.xlsx
V00691;2024-09-12;P014;C029;V06;2;107.38;0.0;214.76;0.0;214.76;Loja Física;dataset_vendas_fake.xlsx
V00692;2024-02-14;P009;C013;V02;3;389.46;0.1;1168.38;116.84;1051.54;Vendedor Externo;dataset_vendas_fake.xlsx
V00693;2024-04-12;P017;C008;V03;1;535.01;0.2;535.01;107.0;428.01;Vendedor Externo;dataset_vendas_fake.xlsx
V00694;2024-12-31;P012;C016;V07;2;818.68;0.0;1637.36;0.0;1637.36;Marketplace;dataset_vendas_fake.xlsx
V00695;2024-10-16;P017;C011;V08;1;595.93;0.0;595.93;0.0;595.93;Marketplace;dataset_vendas_fake.xlsx
V00696;2024-04-02;P001;C011;V03;1;4118.13;0.0;4118.13;0.0;4118.13;Loja Física;dataset_vendas_fake.xlsx
V00697;2024-05-23;P002;C026;V07;2;3872.81;0.05;7745.62;387.28;7358.34;Marketplace;dataset_vendas_fake.xlsx
V00698;2024-10-26;P008;C006;V01;4;1585.58;0.0;6342.32;0.0;6342.32;E-commerce;dataset_vendas_fake.xlsx
V00699;2024-12-02;P008;C009;V01;1;1833.0;0.0;1833.0;0.0;1833.0;E-commerce;dataset_vendas_fake.xlsx
V00700;2024-10-21;P013;C012;V01;2;145.28;0.0;290.56;0.0;290.56;E-commerce;dataset_vendas_fake.xlsx
V00701;2024-05-01;P019;C011;V08;3;488.43;0.0;1465.29;0.0;1465.29;Loja Física;dataset_vendas_fake.xlsx
V00702;2024-12-26;P012;C019;V05;2;992.97;0.0;1985.94;0.0;1985.94;E-commerce;dataset_vendas_fake.xlsx
V00703;2024-09-09;P018;C010;V02;3;971.63;0.0;2914.89;0.0;2914.89;Vendedor Externo;dataset_vendas_fake.xlsx
V00704;2024-01-20;P003;C002;V01;5;58.47;0.0;292.35;0.0;292.35;E-commerce;dataset_vendas_fake.xlsx
V00705;2024-01-11;P017;C016;V02;1;593.9;0.0;593.9;0.0;593.9;Marketplace;dataset_vendas_fake.xlsx
V00706;2024-11-10;P007;C026;V02;1;2667.82;0.0;2667.82;0.0;2667.82;Marketplace;dataset_vendas_fake.xlsx
V00707;2024-03-31;P011;C002;V01;1;1387.37;0.1;1387.37;138.74;1248.63;E-commerce;dataset_vendas_fake.xlsx
V00708;2024-10-27;P005;C025;V03;1;2382.74;0.0;2382.74;0.0;2382.74;Marketplace;dataset_vendas_fake.xlsx
V00709;2024-02-07;P012;C023;V05;5;964.45;0.0;4822.25;0.0;4822.25;Loja Física;dataset_vendas_fake.xlsx
V00710;2024-06-21;P010;C011;V03;1;498.78;0.0;498.78;0.0;498.78;E-commerce;dataset_vendas_fake.xlsx
V00711;2024-08-11;P016;C021;V07;1;602.12;0.0;602.12;0.0;602.12;E-commerce;dataset_vendas_fake.xlsx
V00712;2024-12-28;P018;C023;V05;1;931.1;0.1;931.1;93.11;837.99;E-commerce;dataset_vendas_fake.xlsx
V00713;2024-12-06;P019;C027;V04;1;512.05;0.0;512.05;0.0;512.05;Vendedor Externo;dataset_vendas_fake.xlsx
V00714;2024-06-06;P010;C005;V01;3;491.74;0.0;1475.22;0.0;1475.22;Loja Física;dataset_vendas_fake.xlsx
V00715;2024-12-25;P019;C013;V02;2;462.41;0.0;924.82;0.0;924.82;E-commerce;dataset_vendas_fake.xlsx
V00716;2024-11-04;P011;C030;V03;2;1255.56;0.0;2511.12;0.0;2511.12;Loja Física;dataset_vendas_fake.xlsx
V00717;2024-09-11;P005;C011;V03;1;2309.83;0.0;2309.83;0.0;2309.83;E-commerce;dataset_vendas_fake.xlsx
V00718;2024-06-26;P011;C006;V01;1;1334.29;0.1;1334.29;133.43;1200.86;Marketplace;dataset_vendas_fake.xlsx
V00719;2024-08-16;P001;C009;V01;1;4268.66;0.0;4268.66;0.0;4268.66;E-commerce;dataset_vendas_fake.xlsx
V00720;2024-12-20;P003;C012;V06;1;63.34;0.05;63.34;3.17;60.17;Loja Física;dataset_vendas_fake.xlsx
V00721;2024-01-01;P002;C013;V07;2;4108.51;0.0;8217.02;0.0;8217.02;Vendedor Externo;dataset_vendas_fake.xlsx
V00722;2024-03-26;P014;C016;V07;2;106.12;0.2;212.24;42.45;169.79;Marketplace;dataset_vendas_fake.xlsx
V00723;2024-10-06;P013;C004;V06;2;122.95;0.0;245.9;0.0;245.9;E-commerce;dataset_vendas_fake.xlsx
V00724;2024-03-24;P015;C003;V02;1;312.95;0.0;312.95;0.0;312.95;Marketplace;dataset_vendas_fake.xlsx
V00725;2024-01-11;P011;C009;V01;1;1379.06;0.0;1379.06;0.0;1379.06;Loja Física;dataset_vendas_fake.xlsx
V00726;2024-06-24;P006;C029;V06;2;943.42;0.0;1886.84;0.0;1886.84;E-commerce;dataset_vendas_fake.xlsx
V00727;2024-02-08;P018;C029;V01;2;886.25;0.0;1772.5;0.0;1772.5;Marketplace;dataset_vendas_fake.xlsx
V00728;2024-10-31;P020;C029;V06;1;164.01;0.0;164.01;0.0;164.01;Loja Física;dataset_vendas_fake.xlsx
V00729;2024-08-08;P006;C020;V06;2;1104.88;0.1;2209.76;220.98;1988.78;E-commerce;dataset_vendas_fake.xlsx
V00730;2024-01-28;P004;C011;V03;2;274.67;0.0;549.34;0.0;549.34;E-commerce;dataset_vendas_fake.xlsx
V00731;2024-07-28;P018;C024;V06;1;971.86;0.0;971.86;0.0;971.86;Marketplace;dataset_vendas_fake.xlsx
V00732;2024-06-01;P008;C004;V01;1;1546.62;0.0;1546.62;0.0;1546.62;Vendedor Externo;dataset_vendas_fake.xlsx
V00733;2024-10-19;P018;C027;V04;1;962.61;0.0;962.61;0.0;962.61;E-commerce;dataset_vendas_fake.xlsx
V00734;2024-01-28;P012;C001;V06;1;1034.72;0.0;1034.72;0.0;1034.72;Loja Física;dataset_vendas_fake.xlsx
V00735;2024-05-30;P020;C016;V02;1;164.41;0.05;164.41;8.22;156.19;Loja Física;dataset_vendas_fake.xlsx
V00736;2024-01-14;P007;C006;V06;3;2561.22;0.1;7683.66;768.37;6915.29;Loja Física;dataset_vendas_fake.xlsx
V00737;2024-08-30;P004;C010;V07;1;282.38;0.05;282.38;14.12;268.26;Vendedor Externo;dataset_vendas_fake.xlsx
V00738;2024-09-07;P009;C003;V07;2;314.08;0.2;628.16;125.63;502.53;E-commerce;dataset_vendas_fake.xlsx
V00739;2024-07-08;P013;C012;V01;2;128.88;0.1;257.76;25.78;231.98;Vendedor Externo;dataset_vendas_fake.xlsx
V00740;2024-01-23;P009;C015;V08;1;388.87;0.0;388.87;0.0;388.87;Marketplace;dataset_vendas_fake.xlsx
V00741;2024-04-25;P009;C019;V05;2;359.81;0.0;719.62;0.0;719.62;E-commerce;dataset_vendas_fake.xlsx
V00742;2024-12-22;P004;C003;V07;1;225.78;0.0;225.78;0.0;225.78;Vendedor Externo;dataset_vendas_fake.xlsx
V00743;2024-10-28;P008;C018;V05;1;1751.31;0.0;1751.31;0.0;1751.31;Vendedor Externo;dataset_vendas_fake.xlsx
V00744;2024-09-24;P014;C018;V05;1;113.26;0.0;113.26;0.0;113.26;E-commerce;dataset_vendas_fake.xlsx
V00745;2024-08-31;P010;C003;V07;3;495.45;0.0;1486.35;0.0;1486.35;Loja Física;dataset_vendas_fake.xlsx
V00746;2024-09-14;P019;C029;V01;1;531.18;0.0;531.18;0.0;531.18;Loja Física;dataset_vendas_fake.xlsx
V00747;2024-08-17;P006;C006;V01;1;933.68;0.05;933.68;46.68;887.0;E-commerce;dataset_vendas_fake.xlsx
V00748;2024-03-05;P002;C014;V04;1;4071.15;0.2;4071.15;814.23;3256.92;Vendedor Externo;dataset_vendas_fake.xlsx
V00749;2024-04-13;P005;C027;V04;3;2148.76;0.0;6446.28;0.0;6446.28;Marketplace;dataset_vendas_fake.xlsx
V00750;2024-02-04;P003;C013;V07;2;65.68;0.0;131.36;0.0;131.36;Marketplace;dataset_vendas_fake.xlsx
V00751;2024-05-21;P017;C015;V03;1;595.98;0.0;595.98;0.0;595.98;Vendedor Externo;dataset_vendas_fake.xlsx
V00752;2024-02-27;P014;C005;V01;2;116.82;0.0;233.64;0.0;233.64;Loja Física;dataset_vendas_fake.xlsx
V00753;2024-02-24;P019;C025;V03;1;476.22;0.0;476.22;0.0;476.22;Marketplace;dataset_vendas_fake.xlsx
V00754;2024-10-01;P012;C029;V06;1;988.56;0.0;988.56;0.0;988.56;Marketplace;dataset_vendas_fake.xlsx
V00755;2024-07-15;P016;C019;V05;3;674.49;0.0;2023.47;0.0;2023.47;Loja Física;dataset_vendas_fake.xlsx
V00756;2024-03-29;P009;C013;V02;2;364.27;0.05;728.54;36.43;692.11;Vendedor Externo;dataset_vendas_fake.xlsx
V00757;2024-01-20;P013;C029;V06;1;135.79;0.0;135.79;0.0;135.79;E-commerce;dataset_vendas_fake.xlsx
V00758;2024-01-26;P016;C030;V08;1;681.93;0.0;681.93;0.0;681.93;Marketplace;dataset_vendas_fake.xlsx
V00759;2024-01-11;P011;C027;V04;4;1299.6;0.05;5198.4;259.92;4938.48;Marketplace;dataset_vendas_fake.xlsx
V00760;2024-05-23;P016;C028;V05;1;706.53;0.0;706.53;0.0;706.53;E-commerce;dataset_vendas_fake.xlsx
V00761;2024-03-09;P010;C024;V06;1;440.53;0.0;440.53;0.0;440.53;Marketplace;dataset_vendas_fake.xlsx
V00762;2024-05-17;P014;C020;V01;1;97.43;0.0;97.43;0.0;97.43;E-commerce;dataset_vendas_fake.xlsx
V00763;2024-08-14;P007;C030;V08;5;2595.35;0.0;12976.75;0.0;12976.75;Vendedor Externo;dataset_vendas_fake.xlsx
V00764;2024-09-21;P012;C027;V04;1;951.45;0.0;951.45;0.0;951.45;E-commerce;dataset_vendas_fake.xlsx
V00765;2024-02-03;P010;C023;V05;1;457.86;0.0;457.86;0.0;457.86;E-commerce;dataset_vendas_fake.xlsx
V00766;2024-09-25;P019;C001;V01;1;451.07;0.0;451.07;0.0;451.07;E-commerce;dataset_vendas_fake.xlsx
V00767;2024-04-12;P002;C008;V03;1;3832.08;0.1;3832.08;383.21;3448.87;Vendedor Externo;dataset_vendas_fake.xlsx
V00768;2024-01-26;P012;C023;V05;1;929.13;0.0;929.13;0.0;929.13;Marketplace;dataset_vendas_fake.xlsx
V00769;2024-07-07;P015;C017;V04;4;291.68;0.0;1166.72;0.0;1166.72;Loja Física;dataset_vendas_fake.xlsx
V00770;2024-12-14;P001;C008;V08;2;4127.5;0.0;8255.0;0.0;8255.0;Vendedor Externo;dataset_vendas_fake.xlsx
V00771;2024-10-31;P015;C006;V06;1;326.76;0.0;326.76;0.0;326.76;Marketplace;dataset_vendas_fake.xlsx
V00772;2024-06-25;P006;C027;V04;2;1118.24;0.0;2236.48;0.0;2236.48;Loja Física;dataset_vendas_fake.xlsx
V00773;2024-05-25;P001;C013;V02;1;4441.93;0.0;4441.93;0.0;4441.93;E-commerce;dataset_vendas_fake.xlsx
V00774;2024-10-19;P007;C028;V05;1;2978.56;0.05;2978.56;148.93;2829.63;E-commerce;dataset_vendas_fake.xlsx
V00775;2024-12-12;P007;C009;V06;2;2580.73;0.1;5161.46;516.15;4645.31;Loja Física;dataset_vendas_fake.xlsx
V00776;2024-12-15;P001;C016;V02;4;4919.74;0.0;19678.96;0.0;19678.96;E-commerce;dataset_vendas_fake.xlsx
V00777;2024-11-03;P001;C008;V08;2;4057.27;0.0;8114.54;0.0;8114.54;Marketplace;dataset_vendas_fake.xlsx
V00778;2024-12-30;P009;C014;V04;1;365.33;0.0;365.33;0.0;365.33;Marketplace;dataset_vendas_fake.xlsx
V00779;2024-08-23;P009;C007;V06;1;346.09;0.0;346.09;0.0;346.09;Marketplace;dataset_vendas_fake.xlsx
V00780;2024-12-12;P017;C027;V04;1;491.1;0.0;491.1;0.0;491.1;Loja Física;dataset_vendas_fake.xlsx
V00781;2024-01-04;P017;C022;V06;2;484.44;0.0;968.88;0.0;968.88;Marketplace;dataset_vendas_fake.xlsx
V00782;2024-06-01;P004;C016;V02;1;284.33;0.0;284.33;0.0;284.33;Marketplace;dataset_vendas_fake.xlsx
V00783;2024-05-21;P011;C028;V05;2;1225.24;0.0;2450.48;0.0;2450.48;Marketplace;dataset_vendas_fake.xlsx
V00784;2024-12-01;P010;C007;V01;1;471.24;0.15;471.24;70.69;400.55;E-commerce;dataset_vendas_fake.xlsx
V00785;2024-01-30;P020;C013;V07;2;202.25;0.05;404.5;20.23;384.27;E-commerce;dataset_vendas_fake.xlsx
V00786;2024-01-14;P016;C010;V07;1;751.61;0.0;751.61;0.0;751.61;Vendedor Externo;dataset_vendas_fake.xlsx
V00787;2024-07-26;P013;C024;V01;1;123.48;0.0;123.48;0.0;123.48;E-commerce;dataset_vendas_fake.xlsx
V00788;2024-06-24;P008;C022;V06;1;1623.92;0.0;1623.92;0.0;1623.92;Marketplace;dataset_vendas_fake.xlsx
V00789;2024-09-16;P010;C028;V05;1;404.9;0.0;404.9;0.0;404.9;E-commerce;dataset_vendas_fake.xlsx
V00790;2024-05-30;P004;C016;V02;1;246.62;0.05;246.62;12.33;234.29;Marketplace;dataset_vendas_fake.xlsx
V00791;2024-10-13;P006;C022;V06;2;1082.17;0.0;2164.34;0.0;2164.34;Loja Física;dataset_vendas_fake.xlsx
V00792;2024-04-23;P012;C008;V08;1;965.6;0.0;965.6;0.0;965.6;Vendedor Externo;dataset_vendas_fake.xlsx
V00793;2024-06-18;P012;C009;V06;1;991.99;0.0;991.99;0.0;991.99;Vendedor Externo;dataset_vendas_fake.xlsx
V00794;2024-03-01;P016;C002;V01;2;738.17;0.1;1476.34;147.63;1328.71;Vendedor Externo;dataset_vendas_fake.xlsx
V00795;2024-04-09;P017;C004;V06;3;532.32;0.0;1596.96;0.0;1596.96;Marketplace;dataset_vendas_fake.xlsx
V00796;2024-07-30;P002;C028;V05;1;3863.75;0.0;3863.75;0.0;3863.75;E-commerce;dataset_vendas_fake.xlsx
V00797;2024-04-12;P011;C014;V04;2;1326.94;0.0;2653.88;0.0;2653.88;E-commerce;dataset_vendas_fake.xlsx
V00798;2024-06-10;P006;C025;V03;1;980.48;0.0;980.48;0.0;980.48;Vendedor Externo;dataset_vendas_fake.xlsx
V00799;2024-06-19;P006;C011;V03;3;959.74;0.0;2879.22;0.0;2879.22;Loja Física;dataset_vendas_fake.xlsx
V00800;2024-08-19;P009;C007;V01;1;369.01;0.0;369.01;0.0;369.01;E-commerce;dataset_vendas_fake.xlsx
V00801;2024-09-07;P003;C005;V06;1;57.38;0.0;57.38;0.0;57.38;Vendedor Externo;dataset_vendas_fake.xlsx
V00802;2024-07-25;P014;C016;V07;1;111.52;0.0;111.52;0.0;111.52;Loja Física;dataset_vendas_fake.xlsx
V00803;2024-01-20;P018;C007;V06;1;822.28;0.2;822.28;164.46;657.82;Loja Física;dataset_vendas_fake.xlsx
V00804;2024-06-13;P017;C007;V01;1;566.54;0.0;566.54;0.0;566.54;Loja Física;dataset_vendas_fake.xlsx
V00805;2024-11-16;P008;C008;V08;1;1511.57;0.0;1511.57;0.0;1511.57;Marketplace;dataset_vendas_fake.xlsx
V00806;2024-03-07;P004;C013;V07;4;249.21;0.0;996.84;0.0;996.84;E-commerce;dataset_vendas_fake.xlsx
V00807;2024-02-03;P002;C010;V07;1;3880.23;0.0;3880.23;0.0;3880.23;Vendedor Externo;dataset_vendas_fake.xlsx
V00808;2024-09-23;P020;C017;V04;1;196.91;0.0;196.91;0.0;196.91;Vendedor Externo;dataset_vendas_fake.xlsx
V00809;2024-12-17;P005;C011;V08;1;2347.54;0.0;2347.54;0.0;2347.54;Marketplace;dataset_vendas_fake.xlsx
V00810;2024-04-06;P006;C030;V08;4;951.92;0.1;3807.68;380.77;3426.91;Loja Física;dataset_vendas_fake.xlsx
V00811;2024-04-26;P008;C024;V01;2;1847.22;0.2;3694.44;738.89;2955.55;E-commerce;dataset_vendas_fake.xlsx
V00812;2024-01-12;P019;C017;V04;1;539.38;0.0;539.38;0.0;539.38;Loja Física;dataset_vendas_fake.xlsx
V00813;2024-07-06;P002;C013;V07;1;3833.58;0.0;3833.58;0.0;3833.58;Loja Física;dataset_vendas_fake.xlsx
V00814;2024-10-31;P002;C022;V01;1;4042.64;0.0;4042.64;0.0;4042.64;Loja Física;dataset_vendas_fake.xlsx
V00815;2024-01-25;P004;C014;V04;2;277.52;0.0;555.04;0.0;555.04;Vendedor Externo;dataset_vendas_fake.xlsx
V00816;2024-03-04;P018;C009;V06;1;831.28;0.0;831.28;0.0;831.28;E-commerce;dataset_vendas_fake.xlsx
V00817;2024-04-15;P001;C010;V07;1;4383.54;0.0;4383.54;0.0;4383.54;Loja Física;dataset_vendas_fake.xlsx
V00818;2024-12-05;P017;C009;V01;4;549.18;0.0;2196.72;0.0;2196.72;Vendedor Externo;dataset_vendas_fake.xlsx
V00819;2024-02-23;P017;C024;V01;1;493.51;0.0;493.51;0.0;493.51;Marketplace;dataset_vendas_fake.xlsx
V00820;2024-02-28;P004;C016;V02;2;255.8;0.0;511.6;0.0;511.6;E-commerce;dataset_vendas_fake.xlsx
V00821;2024-05-14;P017;C007;V06;5;592.08;0.0;2960.4;0.0;2960.4;Vendedor Externo;dataset_vendas_fake.xlsx
V00822;2024-05-31;P006;C002;V06;1;1027.06;0.0;1027.06;0.0;1027.06;E-commerce;dataset_vendas_fake.xlsx
V00823;2024-12-18;P016;C011;V03;1;606.63;0.0;606.63;0.0;606.63;Loja Física;dataset_vendas_fake.xlsx
V00824;2024-01-07;P003;C030;V03;1;59.84;0.2;59.84;11.97;47.87;Vendedor Externo;dataset_vendas_fake.xlsx
V00825;2024-03-17;P003;C025;V03;3;67.62;0.0;202.86;0.0;202.86;Loja Física;dataset_vendas_fake.xlsx
V00826;2024-05-11;P008;C015;V08;3;1554.87;0.05;4664.61;233.23;4431.38;Marketplace;dataset_vendas_fake.xlsx
V00827;2024-08-25;P002;C004;V01;1;4278.33;0.0;4278.33;0.0;4278.33;Loja Física;dataset_vendas_fake.xlsx
V00828;2024-05-28;P012;C026;V07;3;1027.27;0.0;3081.81;0.0;3081.81;Vendedor Externo;dataset_vendas_fake.xlsx
V00829;2024-02-29;P004;C028;V05;1;286.8;0.0;286.8;0.0;286.8;Loja Física;dataset_vendas_fake.xlsx
V00830;2024-03-11;P006;C011;V08;3;1019.24;0.0;3057.72;0.0;3057.72;Vendedor Externo;dataset_vendas_fake.xlsx
V00831;2024-11-14;P009;C029;V01;1;330.28;0.05;330.28;16.51;313.77;Marketplace;dataset_vendas_fake.xlsx
V00832;2024-06-24;P006;C004;V06;1;1000.26;0.0;1000.26;0.0;1000.26;Vendedor Externo;dataset_vendas_fake.xlsx
V00833;2024-08-21;P009;C027;V04;1;388.24;0.2;388.24;77.65;310.59;Vendedor Externo;dataset_vendas_fake.xlsx
V00834;2024-08-03;P006;C004;V01;1;1077.74;0.05;1077.74;53.89;1023.85;Loja Física;dataset_vendas_fake.xlsx
V00835;2024-03-22;P004;C014;V04;1;285.23;0.0;285.23;0.0;285.23;Vendedor Externo;dataset_vendas_fake.xlsx
V00836;2024-04-02;P020;C013;V07;1;201.36;0.0;201.36;0.0;201.36;Loja Física;dataset_vendas_fake.xlsx
V00837;2024-12-16;P005;C016;V07;2;2343.87;0.0;4687.74;0.0;4687.74;Loja Física;dataset_vendas_fake.xlsx
V00838;2024-07-29;P015;C002;V01;3;295.45;0.0;886.35;0.0;886.35;Marketplace;dataset_vendas_fake.xlsx
V00839;2024-12-01;P011;C001;V01;2;1401.07;0.0;2802.14;0.0;2802.14;Marketplace;dataset_vendas_fake.xlsx
V00840;2024-09-22;P017;C023;V05;1;566.47;0.05;566.47;28.32;538.15;Vendedor Externo;dataset_vendas_fake.xlsx
V00841;2024-12-04;P008;C016;V07;2;1556.46;0.0;3112.92;0.0;3112.92;Vendedor Externo;dataset_vendas_fake.xlsx
V00842;2024-03-17;P018;C029;V01;1;949.56;0.0;949.56;0.0;949.56;Loja Física;dataset_vendas_fake.xlsx
V00843;2024-11-25;P006;C017;V04;1;1109.57;0.0;1109.57;0.0;1109.57;Vendedor Externo;dataset_vendas_fake.xlsx
V00844;2024-03-25;P003;C025;V08;5;66.91;0.1;334.55;33.46;301.09;Marketplace;dataset_vendas_fake.xlsx
V00845;2024-05-03;P011;C009;V01;1;1116.96;0.05;1116.96;55.85;1061.11;E-commerce;dataset_vendas_fake.xlsx
V00846;2024-10-08;P013;C013;V02;2;143.37;0.0;286.74;0.0;286.74;Loja Física;dataset_vendas_fake.xlsx
V00847;2024-08-23;P015;C026;V07;2;319.02;0.0;638.04;0.0;638.04;Loja Física;dataset_vendas_fake.xlsx
V00848;2024-09-12;P015;C011;V03;2;324.68;0.0;649.36;0.0;649.36;Vendedor Externo;dataset_vendas_fake.xlsx
V00849;2024-11-30;P001;C004;V06;1;4546.14;0.0;4546.14;0.0;4546.14;Vendedor Externo;dataset_vendas_fake.xlsx
V00850;2024-01-19;P018;C018;V05;1;863.34;0.0;863.34;0.0;863.34;Loja Física;dataset_vendas_fake.xlsx
V00851;2024-11-05;P020;C021;V07;1;167.55;0.1;167.55;16.76;150.79;E-commerce;dataset_vendas_fake.xlsx
V00852;2024-12-01;P015;C011;V08;4;267.82;0.15;1071.28;160.69;910.59;Loja Física;dataset_vendas_fake.xlsx
V00853;2024-04-24;P015;C011;V08;1;284.52;0.0;284.52;0.0;284.52;Marketplace;dataset_vendas_fake.xlsx
V00854;2024-08-19;P004;C004;V01;1;275.05;0.05;275.05;13.75;261.3;Loja Física;dataset_vendas_fake.xlsx
V00855;2024-06-23;P012;C027;V04;1;829.09;0.0;829.09;0.0;829.09;Marketplace;dataset_vendas_fake.xlsx
V00856;2024-12-25;P004;C002;V01;1;239.64;0.0;239.64;0.0;239.64;Vendedor Externo;dataset_vendas_fake.xlsx
V00857;2024-03-12;P014;C004;V06;2;118.14;0.0;236.28;0.0;236.28;E-commerce;dataset_vendas_fake.xlsx
V00858;2024-04-06;P004;C030;V08;3;245.25;0.0;735.75;0.0;735.75;E-commerce;dataset_vendas_fake.xlsx
V00859;2024-08-22;P007;C023;V05;1;2800.92;0.2;2800.92;560.18;2240.74;Loja Física;dataset_vendas_fake.xlsx
V00860;2024-07-31;P002;C030;V03;2;3850.66;0.0;7701.32;0.0;7701.32;Vendedor Externo;dataset_vendas_fake.xlsx
V00861;2024-08-22;P019;C017;V04;1;530.75;0.0;530.75;0.0;530.75;Vendedor Externo;dataset_vendas_fake.xlsx
V00862;2024-01-03;P017;C024;V01;1;552.92;0.0;552.92;0.0;552.92;Vendedor Externo;dataset_vendas_fake.xlsx
V00863;2024-10-26;P016;C030;V03;1;714.68;0.0;714.68;0.0;714.68;E-commerce;dataset_vendas_fake.xlsx
V00864;2024-03-06;P004;C013;V07;2;276.82;0.1;553.64;55.36;498.28;Vendedor Externo;dataset_vendas_fake.xlsx
V00865;2024-08-02;P020;C030;V03;1;186.17;0.0;186.17;0.0;186.17;Marketplace;dataset_vendas_fake.xlsx
V00866;2024-07-22;P011;C010;V07;2;1197.04;0.0;2394.08;0.0;2394.08;E-commerce;dataset_vendas_fake.xlsx
V00867;2024-03-11;P014;C020;V06;1;97.26;0.0;97.26;0.0;97.26;Marketplace;dataset_vendas_fake.xlsx
V00868;2024-12-30;P018;C021;V02;1;937.46;0.0;937.46;0.0;937.46;E-commerce;dataset_vendas_fake.xlsx
V00869;2024-04-17;P020;C023;V05;1;185.76;0.0;185.76;0.0;185.76;Marketplace;dataset_vendas_fake.xlsx
V00870;2024-12-10;P005;C023;V05;1;2246.16;0.0;2246.16;0.0;2246.16;Marketplace;dataset_vendas_fake.xlsx
V00871;2024-12-29;P004;C025;V08;2;225.24;0.0;450.48;0.0;450.48;Vendedor Externo;dataset_vendas_fake.xlsx
V00872;2024-10-25;P019;C022;V06;2;462.64;0.0;925.28;0.0;925.28;Marketplace;dataset_vendas_fake.xlsx
V00873;2024-08-04;P001;C017;V04;1;4302.84;0.1;4302.84;430.28;3872.56;Loja Física;dataset_vendas_fake.xlsx
V00874;2024-07-14;P005;C002;V01;1;2289.19;0.1;2289.19;228.92;2060.27;E-commerce;dataset_vendas_fake.xlsx
V00875;2024-05-16;P006;C010;V07;1;1097.94;0.0;1097.94;0.0;1097.94;E-commerce;dataset_vendas_fake.xlsx
V00876;2024-02-01;P010;C007;V01;4;410.0;0.0;1640.0;0.0;1640.0;Marketplace;dataset_vendas_fake.xlsx
V00877;2024-08-19;P004;C020;V01;1;249.42;0.0;249.42;0.0;249.42;Vendedor Externo;dataset_vendas_fake.xlsx
V00878;2024-05-01;P017;C026;V07;2;475.58;0.0;951.16;0.0;951.16;Loja Física;dataset_vendas_fake.xlsx
V00879;2024-07-14;P013;C014;V04;2;140.91;0.2;281.82;56.36;225.46;Loja Física;dataset_vendas_fake.xlsx
V00880;2024-01-07;P009;C007;V06;2;395.69;0.05;791.38;39.57;751.81;E-commerce;dataset_vendas_fake.xlsx
V00881;2024-11-20;P012;C025;V03;1;836.47;0.05;836.47;41.82;794.65;E-commerce;dataset_vendas_fake.xlsx
V00882;2024-05-30;P015;C006;V01;2;266.04;0.0;532.08;0.0;532.08;E-commerce;dataset_vendas_fake.xlsx
V00883;2024-03-29;P017;C004;V06;4;541.55;0.0;2166.2;0.0;2166.2;Loja Física;dataset_vendas_fake.xlsx
V00884;2024-08-07;P009;C018;V05;1;330.78;0.0;330.78;0.0;330.78;E-commerce;dataset_vendas_fake.xlsx
V00885;2024-03-23;P019;C028;V05;1;431.23;0.05;431.23;21.56;409.67;Loja Física;dataset_vendas_fake.xlsx
V00886;2024-06-18;P015;C023;V05;1;322.93;0.1;322.93;32.29;290.64;Loja Física;dataset_vendas_fake.xlsx
V00887;2024-03-19;P011;C020;V01;1;1317.27;0.0;1317.27;0.0;1317.27;Marketplace;dataset_vendas_fake.xlsx
V00888;2024-09-08;P019;C018;V05;3;450.67;0.0;1352.01;0.0;1352.01;Loja Física;dataset_vendas_fake.xlsx
V00889;2024-12-28;P011;C017;V04;2;1204.49;0.0;2408.98;0.0;2408.98;E-commerce;dataset_vendas_fake.xlsx
V00890;2024-09-23;P003;C026;V02;2;67.88;0.0;135.76;0.0;135.76;Vendedor Externo;dataset_vendas_fake.xlsx
V00891;2024-10-05;P018;C013;V02;2;860.74;0.05;1721.48;86.07;1635.41;Marketplace;dataset_vendas_fake.xlsx
V00892;2024-04-23;P007;C022;V06;1;2966.99;0.0;2966.99;0.0;2966.99;Marketplace;dataset_vendas_fake.xlsx
V00893;2024-07-03;P010;C007;V06;1;406.51;0.0;406.51;0.0;406.51;Loja Física;dataset_vendas_fake.xlsx
V00894;2024-02-28;P012;C015;V03;1;873.38;0.1;873.38;87.34;786.04;E-commerce;dataset_vendas_fake.xlsx
V00895;2024-01-21;P011;C013;V02;1;1230.59;0.0;1230.59;0.0;1230.59;Vendedor Externo;dataset_vendas_fake.xlsx
V00896;2024-05-11;P018;C024;V06;1;801.99;0.0;801.99;0.0;801.99;Loja Física;dataset_vendas_fake.xlsx
V00897;2024-09-21;P012;C017;V04;1;904.48;0.0;904.48;0.0;904.48;Vendedor Externo;dataset_vendas_fake.xlsx
V00898;2024-01-23;P010;C029;V01;1;401.11;0.0;401.11;0.0;401.11;Marketplace;dataset_vendas_fake.xlsx
V00899;2024-09-20;P003;C004;V01;4;64.42;0.0;257.68;0.0;257.68;Loja Física;dataset_vendas_fake.xlsx
V00900;2024-11-16;P003;C007;V01;1;68.44;0.05;68.44;3.42;65.02;Vendedor Externo;dataset_vendas_fake.xlsx
V00901;2024-02-23;P007;C018;V05;1;3024.05;0.0;3024.05;0.0;3024.05;Loja Física;dataset_vendas_fake.xlsx
V00902;2024-12-17;P005;C001;V06;1;2279.33;0.1;2279.33;227.93;2051.4;Marketplace;dataset_vendas_fake.xlsx
V00903;2024-01-20;P003;C003;V02;1;60.43;0.0;60.43;0.0;60.43;E-commerce;dataset_vendas_fake.xlsx
V00904;2024-05-08;P018;C003;V02;1;942.77;0.0;942.77;0.0;942.77;Marketplace;dataset_vendas_fake.xlsx
V00905;2024-07-27;P013;C015;V08;1;131.11;0.0;131.11;0.0;131.11;Vendedor Externo;dataset_vendas_fake.xlsx
V00906;2024-06-10;P001;C013;V02;1;4724.03;0.2;4724.03;944.81;3779.22;Loja Física;dataset_vendas_fake.xlsx
V00907;2024-11-24;P020;C003;V02;2;163.57;0.1;327.14;32.71;294.43;Loja Física;dataset_vendas_fake.xlsx
V00908;2024-07-02;P017;C004;V06;2;578.79;0.0;1157.58;0.0;1157.58;Marketplace;dataset_vendas_fake.xlsx
V00909;2024-11-06;P003;C010;V07;1;61.02;0.0;61.02;0.0;61.02;Vendedor Externo;dataset_vendas_fake.xlsx
V00910;2024-07-21;P001;C016;V02;1;4276.2;0.0;4276.2;0.0;4276.2;E-commerce;dataset_vendas_fake.xlsx
V00911;2024-03-10;P013;C026;V07;2;134.5;0.0;269.0;0.0;269.0;E-commerce;dataset_vendas_fake.xlsx
V00912;2024-06-01;P012;C001;V01;4;1026.97;0.05;4107.88;205.39;3902.49;Loja Física;dataset_vendas_fake.xlsx
V00913;2024-01-22;P001;C019;V05;5;4609.82;0.2;23049.1;4609.82;18439.28;Loja Física;dataset_vendas_fake.xlsx
V00914;2024-06-05;P007;C024;V06;1;2618.18;0.0;2618.18;0.0;2618.18;E-commerce;dataset_vendas_fake.xlsx
V00915;2024-07-30;P017;C005;V01;1;493.73;0.0;493.73;0.0;493.73;E-commerce;dataset_vendas_fake.xlsx
V00916;2024-04-23;P020;C027;V04;2;188.81;0.0;377.62;0.0;377.62;E-commerce;dataset_vendas_fake.xlsx
V00917;2024-02-28;P006;C022;V01;2;1030.81;0.0;2061.62;0.0;2061.62;Vendedor Externo;dataset_vendas_fake.xlsx
V00918;2024-11-26;P018;C003;V07;2;831.4;0.0;1662.8;0.0;1662.8;Loja Física;dataset_vendas_fake.xlsx
V00919;2024-05-08;P004;C007;V06;3;243.3;0.0;729.9;0.0;729.9;Marketplace;dataset_vendas_fake.xlsx
V00920;2024-07-01;P005;C022;V01;3;2246.55;0.0;6739.65;0.0;6739.65;Loja Física;dataset_vendas_fake.xlsx
V00921;2024-05-25;P020;C003;V02;1;162.86;0.0;162.86;0.0;162.86;Marketplace;dataset_vendas_fake.xlsx
V00922;2024-09-05;P015;C011;V08;1;272.37;0.15;272.37;40.86;231.51;E-commerce;dataset_vendas_fake.xlsx
V00923;2024-10-16;P019;C012;V06;1;453.79;0.0;453.79;0.0;453.79;Vendedor Externo;dataset_vendas_fake.xlsx
V00924;2024-03-27;P001;C011;V03;2;4085.39;0.0;8170.78;0.0;8170.78;E-commerce;dataset_vendas_fake.xlsx
V00925;2024-12-30;P014;C009;V06;2;105.82;0.0;211.64;0.0;211.64;E-commerce;dataset_vendas_fake.xlsx
V00926;2024-12-13;P011;C029;V06;1;1126.17;0.0;1126.17;0.0;1126.17;Vendedor Externo;dataset_vendas_fake.xlsx
V00927;2024-08-16;P012;C025;V08;1;860.09;0.0;860.09;0.0;860.09;Vendedor Externo;dataset_vendas_fake.xlsx
V00928;2024-10-09;P004;C006;V01;2;286.82;0.05;573.64;28.68;544.96;Marketplace;dataset_vendas_fake.xlsx
V00929;2024-03-12;P018;C007;V06;3;827.51;0.2;2482.53;496.51;1986.02;Loja Física;dataset_vendas_fake.xlsx
V00930;2024-02-08;P001;C028;V05;1;5065.6;0.2;5065.6;1013.12;4052.48;Vendedor Externo;dataset_vendas_fake.xlsx
V00931;2024-10-29;P007;C030;V03;2;3027.46;0.0;6054.92;0.0;6054.92;Marketplace;dataset_vendas_fake.xlsx
V00932;2024-10-05;P018;C016;V02;1;869.83;0.0;869.83;0.0;869.83;Marketplace;dataset_vendas_fake.xlsx
V00933;2024-07-19;P008;C029;V06;1;1761.38;0.2;1761.38;352.28;1409.1;E-commerce;dataset_vendas_fake.xlsx
V00934;2024-08-25;P017;C017;V04;1;580.42;0.15;580.42;87.06;493.36;Vendedor Externo;dataset_vendas_fake.xlsx
V00935;2024-07-05;P017;C001;V01;4;602.7;0.0;2410.8;0.0;2410.8;E-commerce;dataset_vendas_fake.xlsx
V00936;2024-09-20;P005;C015;V03;5;2272.59;0.0;11362.95;0.0;11362.95;E-commerce;dataset_vendas_fake.xlsx
V00937;2024-10-16;P019;C022;V01;1;510.48;0.0;510.48;0.0;510.48;Vendedor Externo;dataset_vendas_fake.xlsx
V00938;2024-07-02;P002;C008;V08;2;4153.27;0.0;8306.54;0.0;8306.54;E-commerce;dataset_vendas_fake.xlsx
V00939;2024-02-02;P009;C012;V01;1;380.02;0.0;380.02;0.0;380.02;Loja Física;dataset_vendas_fake.xlsx
V00940;2024-12-08;P007;C017;V04;1;2381.01;0.0;2381.01;0.0;2381.01;Vendedor Externo;dataset_vendas_fake.xlsx
V00941;2024-08-28;P015;C029;V01;3;279.31;0.0;837.93;0.0;837.93;Loja Física;dataset_vendas_fake.xlsx
V00942;2024-11-28;P011;C004;V06;1;1212.7;0.1;1212.7;121.27;1091.43;Marketplace;dataset_vendas_fake.xlsx
V00943;2024-10-23;P018;C019;V05;2;795.7;0.0;1591.4;0.0;1591.4;Vendedor Externo;dataset_vendas_fake.xlsx
V00944;2024-11-30;P013;C012;V01;1;134.74;0.0;134.74;0.0;134.74;Marketplace;dataset_vendas_fake.xlsx
V00945;2024-07-11;P008;C017;V04;1;1621.33;0.0;1621.33;0.0;1621.33;Marketplace;dataset_vendas_fake.xlsx
V00946;2024-06-25;P016;C026;V07;3;766.87;0.0;2300.61;0.0;2300.61;Loja Física;dataset_vendas_fake.xlsx
V00947;2024-09-13;P005;C015;V03;2;2070.16;0.0;4140.32;0.0;4140.32;E-commerce;dataset_vendas_fake.xlsx
V00948;2024-02-09;P017;C021;V07;2;597.15;0.15;1194.3;179.14;1015.16;E-commerce;dataset_vendas_fake.xlsx
V00949;2024-03-17;P006;C006;V06;1;962.49;0.05;962.49;48.12;914.37;Loja Física;dataset_vendas_fake.xlsx
V00950;2024-12-04;P008;C014;V04;1;1736.91;0.0;1736.91;0.0;1736.91;Loja Física;dataset_vendas_fake.xlsx
V00951;2024-09-03;P016;C016;V02;2;640.39;0.0;1280.78;0.0;1280.78;E-commerce;dataset_vendas_fake.xlsx
V00952;2024-11-27;P014;C001;V01;3;96.42;0.0;289.26;0.0;289.26;Loja Física;dataset_vendas_fake.xlsx
V00953;2024-03-06;P019;C019;V05;1;429.63;0.0;429.63;0.0;429.63;E-commerce;dataset_vendas_fake.xlsx
V00954;2024-11-18;P017;C002;V01;1;590.28;0.0;590.28;0.0;590.28;Loja Física;dataset_vendas_fake.xlsx
V00955;2024-03-26;P009;C030;V03;4;363.39;0.0;1453.56;0.0;1453.56;Vendedor Externo;dataset_vendas_fake.xlsx
V00956;2024-11-02;P019;C021;V02;1;486.49;0.05;486.49;24.32;462.17;Marketplace;dataset_vendas_fake.xlsx
V00957;2024-02-13;P007;C015;V08;1;2609.78;0.1;2609.78;260.98;2348.8;Vendedor Externo;dataset_vendas_fake.xlsx
V00958;2024-03-28;P008;C027;V04;4;1874.87;0.0;7499.48;0.0;7499.48;E-commerce;dataset_vendas_fake.xlsx
V00959;2024-10-25;P006;C020;V06;2;991.7;0.0;1983.4;0.0;1983.4;E-commerce;dataset_vendas_fake.xlsx
V00960;2024-12-17;P011;C030;V08;1;1296.64;0.0;1296.64;0.0;1296.64;Loja Física;dataset_vendas_fake.xlsx
V00961;2024-04-27;P013;C013;V02;1;147.18;0.0;147.18;0.0;147.18;Loja Física;dataset_vendas_fake.xlsx
V00962;2024-01-09;P007;C017;V04;1;2420.89;0.15;2420.89;363.13;2057.76;E-commerce;dataset_vendas_fake.xlsx
V00963;2024-11-06;P004;C006;V06;1;250.79;0.1;250.79;25.08;225.71;Loja Física;dataset_vendas_fake.xlsx
V00964;2024-09-29;P017;C025;V03;2;519.18;0.0;1038.36;0.0;1038.36;Loja Física;dataset_vendas_fake.xlsx
V00965;2024-09-03;P005;C029;V01;2;2218.69;0.0;4437.38;0.0;4437.38;Vendedor Externo;dataset_vendas_fake.xlsx
V00966;2024-09-24;P014;C012;V01;3;107.9;0.0;323.7;0.0;323.7;Vendedor Externo;dataset_vendas_fake.xlsx
V00967;2024-04-27;P016;C026;V07;1;606.31;0.0;606.31;0.0;606.31;Marketplace;dataset_vendas_fake.xlsx
V00968;2024-10-28;P019;C004;V06;2;425.0;0.0;850.0;0.0;850.0;E-commerce;dataset_vendas_fake.xlsx
V00969;2024-05-10;P016;C025;V03;1;609.18;0.2;609.18;121.84;487.34;Loja Física;dataset_vendas_fake.xlsx
V00970;2024-05-25;P020;C029;V06;1;176.34;0.0;176.34;0.0;176.34;Marketplace;dataset_vendas_fake.xlsx
V00971;2024-04-06;P001;C023;V05;1;4001.65;0.05;4001.65;200.08;3801.57;Loja Física;dataset_vendas_fake.xlsx
V00972;2024-09-23;P001;C013;V02;4;4251.21;0.0;17004.84;0.0;17004.84;Marketplace;dataset_vendas_fake.xlsx
V00973;2024-07-28;P012;C004;V01;2;1005.52;0.0;2011.04;0.0;2011.04;Vendedor Externo;dataset_vendas_fake.xlsx
V00974;2024-11-29;P019;C009;V06;1;463.71;0.05;463.71;23.19;440.52;Vendedor Externo;dataset_vendas_fake.xlsx
V00975;2024-10-16;P012;C020;V06;2;853.82;0.0;1707.64;0.0;1707.64;Vendedor Externo;dataset_vendas_fake.xlsx
V00976;2024-04-14;P014;C018;V05;3;114.93;0.2;344.79;68.96;275.83;E-commerce;dataset_vendas_fake.xlsx
V00977;2024-07-08;P018;C018;V05;2;860.32;0.0;1720.64;0.0;1720.64;Marketplace;dataset_vendas_fake.xlsx
V00978;2024-06-06;P019;C012;V06;2;434.34;0.0;868.68;0.0;868.68;E-commerce;dataset_vendas_fake.xlsx
V00979;2024-12-03;P004;C024;V01;2;235.54;0.05;471.08;23.55;447.53;Vendedor Externo;dataset_vendas_fake.xlsx
V00980;2024-12-24;P006;C004;V01;1;1108.29;0.0;1108.29;0.0;1108.29;Vendedor Externo;dataset_vendas_fake.xlsx
V00981;2024-06-22;P018;C020;V01;1;905.54;0.0;905.54;0.0;905.54;E-commerce;dataset_vendas_fake.xlsx
V00982;2024-07-18;P001;C026;V02;2;4850.09;0.0;9700.18;0.0;9700.18;E-commerce;dataset_vendas_fake.xlsx
V00983;2024-08-29;P020;C014;V04;1;185.65;0.0;185.65;0.0;185.65;Loja Física;dataset_vendas_fake.xlsx
V00984;2024-05-14;P008;C012;V01;4;1847.55;0.0;7390.2;0.0;7390.2;Loja Física;dataset_vendas_fake.xlsx
V00985;2024-07-15;P013;C020;V06;2;134.1;0.15;268.2;40.23;227.97;Loja Física;dataset_vendas_fake.xlsx
V00986;2024-03-30;P016;C015;V03;2;722.47;0.1;1444.94;144.49;1300.45;E-commerce;dataset_vendas_fake.xlsx
V00987;2024-12-02;P017;C010;V02;1;582.34;0.0;582.34;0.0;582.34;Loja Física;dataset_vendas_fake.xlsx
V00988;2024-11-02;P017;C017;V04;1;519.64;0.2;519.64;103.93;415.71;E-commerce;dataset_vendas_fake.xlsx
V00989;2024-12-11;P002;C012;V01;3;4187.15;0.05;12561.45;628.07;11933.38;Loja Física;dataset_vendas_fake.xlsx
V00990;2024-03-21;P003;C009;V06;1;71.17;0.0;71.17;0.0;71.17;Marketplace;dataset_vendas_fake.xlsx
V00991;2024-12-08;P013;C013;V02;1;124.17;0.05;124.17;6.21;117.96;Loja Física;dataset_vendas_fake.xlsx
V00992;2024-12-26;P003;C030;V03;2;62.3;0.0;124.6;0.0;124.6;Marketplace;dataset_vendas_fake.xlsx
V00993;2024-10-13;P019;C012;V06;2;426.36;0.05;852.72;42.64;810.08;Marketplace;dataset_vendas_fake.xlsx
V00994;2024-04-25;P020;C007;V06;5;182.41;0.0;912.05;0.0;912.05;Vendedor Externo;dataset_vendas_fake.xlsx
V00995;2024-10-21;P001;C009;V01;2;4915.18;0.0;9830.36;0.0;9830.36;Vendedor Externo;dataset_vendas_fake.xlsx
V00996;2024-09-16;P004;C018;V05;4;228.26;0.0;913.04;0.0;913.04;Marketplace;dataset_vendas_fake.xlsx
V00997;2024-06-23;P004;C026;V07;2;279.35;0.0;558.7;0.0;558.7;Marketplace;dataset_vendas_fake.xlsx
V00998;2024-12-21;P015;C013;V07;2;303.12;0.0;606.24;0.0;606.24;E-commerce;dataset_vendas_fake.xlsx
V00999;2024-06-22;P015;C022;V06;1;326.1;0.0;326.1;0.0;326.1;Loja Física;dataset_vendas_fake.xlsx
V01000;2024-09-03;P004;C009;V01;1;243.27;0.1;243.27;24.33;218.94;Vendedor Externo;dataset_vendas_fake.xlsx
V01001;2024-11-20;P008;C022;V01;2;1834.61;0.0;3669.22;0.0;3669.22;Marketplace;dataset_vendas_fake.xlsx
V01002;2024-07-30;P012;C017;V04;2;942.57;0.1;1885.14;188.51;1696.63;Marketplace;dataset_vendas_fake.xlsx
V01003;2024-05-07;P010;C003;V07;3;401.36;0.0;1204.08;0.0;1204.08;Marketplace;dataset_vendas_fake.xlsx
V01004;2024-02-08;P018;C030;V03;1;894.1;0.0;894.1;0.0;894.1;Vendedor Externo;dataset_vendas_fake.xlsx
V01005;2024-06-09;P012;C007;V06;1;892.8;0.0;892.8;0.0;892.8;E-commerce;dataset_vendas_fake.xlsx
V01006;2024-12-15;P007;C016;V02;1;2862.24;0.0;2862.24;0.0;2862.24;E-commerce;dataset_vendas_fake.xlsx
V01007;2024-05-03;P009;C007;V01;1;381.08;0.0;381.08;0.0;381.08;E-commerce;dataset_vendas_fake.xlsx
V01008;2024-05-07;P020;C012;V01;1;193.69;0.0;193.69;0.0;193.69;Loja Física;dataset_vendas_fake.xlsx
V01009;2024-03-02;P003;C022;V06;1;62.14;0.15;62.14;9.32;52.82;Loja Física;dataset_vendas_fake.xlsx
V01010;2024-10-04;P002;C028;V05;2;4158.05;0.0;8316.1;0.0;8316.1;Marketplace;dataset_vendas_fake.xlsx
V01011;2024-11-13;P011;C016;V07;1;1242.81;0.05;1242.81;62.14;1180.67;Vendedor Externo;dataset_vendas_fake.xlsx
V01012;2024-04-03;P017;C009;V06;1;511.95;0.0;511.95;0.0;511.95;E-commerce;dataset_vendas_fake.xlsx
V01013;2024-10-22;P005;C002;V06;1;2389.69;0.0;2389.69;0.0;2389.69;Vendedor Externo;dataset_vendas_fake.xlsx
V01014;2024-10-03;P002;C017;V04;1;3675.78;0.2;3675.78;735.16;2940.62;Vendedor Externo;dataset_vendas_fake.xlsx
V01015;2024-12-17;P006;C015;V03;1;973.88;0.05;973.88;48.69;925.19;Vendedor Externo;dataset_vendas_fake.xlsx
V01016;2024-06-10;P001;C001;V01;2;4473.46;0.0;8946.92;0.0;8946.92;Vendedor Externo;dataset_vendas_fake.xlsx
V01017;2024-10-24;P004;C011;V08;1;241.65;0.0;241.65;0.0;241.65;Marketplace;dataset_vendas_fake.xlsx
V01018;2024-04-05;P018;C009;V01;1;833.27;0.0;833.27;0.0;833.27;Marketplace;dataset_vendas_fake.xlsx
V01019;2024-08-29;P020;C011;V08;2;206.57;0.0;413.14;0.0;413.14;E-commerce;dataset_vendas_fake.xlsx
V01020;2024-09-12;P014;C007;V06;1;95.73;0.15;95.73;14.36;81.37;Marketplace;dataset_vendas_fake.xlsx
V01021;2024-07-05;P013;C009;V06;1;121.81;0.0;121.81;0.0;121.81;E-commerce;dataset_vendas_fake.xlsx
V01022;2024-10-19;P005;C019;V05;2;2215.47;0.0;4430.94;0.0;4430.94;Loja Física;dataset_vendas_fake.xlsx
V01023;2024-05-18;P008;C018;V05;1;1905.31;0.0;1905.31;0.0;1905.31;Vendedor Externo;dataset_vendas_fake.xlsx
V01024;2024-04-10;P005;C026;V02;2;2245.98;0.0;4491.96;0.0;4491.96;Vendedor Externo;dataset_vendas_fake.xlsx
V01025;2024-01-05;P006;C014;V04;1;941.42;0.0;941.42;0.0;941.42;E-commerce;dataset_vendas_fake.xlsx
V01026;2024-11-18;P017;C018;V05;3;600.92;0.0;1802.76;0.0;1802.76;Vendedor Externo;dataset_vendas_fake.xlsx
V01027;2024-06-02;P009;C018;V05;1;395.16;0.05;395.16;19.76;375.4;Vendedor Externo;dataset_vendas_fake.xlsx
V01028;2024-02-20;P006;C002;V01;3;924.64;0.0;2773.92;0.0;2773.92;Marketplace;dataset_vendas_fake.xlsx
V01029;2024-08-31;P004;C015;V08;2;267.85;0.0;535.7;0.0;535.7;Marketplace;dataset_vendas_fake.xlsx
V01030;2024-07-03;P012;C018;V05;1;945.12;0.0;945.12;0.0;945.12;Marketplace;dataset_vendas_fake.xlsx
V01031;2024-01-11;P014;C004;V06;1;118.89;0.0;118.89;0.0;118.89;E-commerce;dataset_vendas_fake.xlsx
V01032;2024-10-22;P019;C021;V02;2;447.44;0.0;894.88;0.0;894.88;Marketplace;dataset_vendas_fake.xlsx
V01033;2024-06-30;P011;C022;V06;5;1144.24;0.0;5721.2;0.0;5721.2;Vendedor Externo;dataset_vendas_fake.xlsx
V01034;2024-02-10;P013;C020;V06;1;121.83;0.05;121.83;6.09;115.74;Vendedor Externo;dataset_vendas_fake.xlsx
V01035;2024-11-19;P005;C028;V05;3;2102.86;0.0;6308.58;0.0;6308.58;Marketplace;dataset_vendas_fake.xlsx
V01036;2024-08-03;P020;C019;V05;1;195.42;0.0;195.42;0.0;195.42;Loja Física;dataset_vendas_fake.xlsx
V01037;2024-02-10;P006;C011;V03;1;1025.26;0.0;1025.26;0.0;1025.26;Marketplace;dataset_vendas_fake.xlsx
V01038;2024-06-11;P010;C023;V05;1;479.97;0.0;479.97;0.0;479.97;Vendedor Externo;dataset_vendas_fake.xlsx
V01039;2024-05-18;P015;C025;V08;1;326.99;0.05;326.99;16.35;310.64;Vendedor Externo;dataset_vendas_fake.xlsx
V01040;2024-07-30;P006;C006;V01;1;935.85;0.0;935.85;0.0;935.85;E-commerce;dataset_vendas_fake.xlsx
V01041;2024-04-30;P009;C024;V01;1;334.16;0.0;334.16;0.0;334.16;E-commerce;dataset_vendas_fake.xlsx
V01042;2024-03-26;P013;C004;V01;1;143.11;0.0;143.11;0.0;143.11;Loja Física;dataset_vendas_fake.xlsx
V01043;2024-08-30;P018;C002;V01;2;792.61;0.15;1585.22;237.78;1347.44;Vendedor Externo;dataset_vendas_fake.xlsx
V01044;2024-09-25;P003;C004;V06;2;68.93;0.1;137.86;13.79;124.07;E-commerce;dataset_vendas_fake.xlsx
V01045;2024-02-13;P013;C010;V02;4;136.85;0.0;547.4;0.0;547.4;E-commerce;dataset_vendas_fake.xlsx
V01046;2024-05-25;P015;C021;V02;2;317.1;0.05;634.2;31.71;602.49;E-commerce;dataset_vendas_fake.xlsx
V01047;2024-09-26;P006;C001;V01;1;891.77;0.0;891.77;0.0;891.77;Marketplace;dataset_vendas_fake.xlsx
V01048;2024-06-15;P016;C015;V08;3;698.19;0.0;2094.57;0.0;2094.57;Vendedor Externo;dataset_vendas_fake.xlsx
V01049;2024-03-10;P018;C006;V06;1;854.95;0.1;854.95;85.5;769.45;Vendedor Externo;dataset_vendas_fake.xlsx
V01050;2024-09-25;P018;C010;V07;2;945.86;0.0;1891.72;0.0;1891.72;Vendedor Externo;dataset_vendas_fake.xlsx
V01051;2024-10-03;P008;C026;V02;2;1604.32;0.05;3208.64;160.43;3048.21;Vendedor Externo;dataset_vendas_fake.xlsx
V01052;2024-06-06;P012;C014;V04;1;913.18;0.0;913.18;0.0;913.18;E-commerce;dataset_vendas_fake.xlsx
V01053;2024-06-04;P001;C001;V01;4;4071.69;0.1;16286.76;1628.68;14658.08;Marketplace;dataset_vendas_fake.xlsx
V01054;2024-05-26;P016;C018;V05;1;674.58;0.0;674.58;0.0;674.58;Vendedor Externo;dataset_vendas_fake.xlsx
V01055;2024-09-01;P010;C001;V06;1;456.29;0.0;456.29;0.0;456.29;Marketplace;dataset_vendas_fake.xlsx
V01056;2024-11-01;P008;C026;V02;1;1889.39;0.0;1889.39;0.0;1889.39;Marketplace;dataset_vendas_fake.xlsx
V01057;2024-04-06;P014;C029;V06;2;104.5;0.0;209.0;0.0;209.0;Vendedor Externo;dataset_vendas_fake.xlsx
V01058;2024-05-07;P006;C023;V05;1;914.08;0.0;914.08;0.0;914.08;Vendedor Externo;dataset_vendas_fake.xlsx
V01059;2024-04-22;P009;C003;V07;1;328.74;0.0;328.74;0.0;328.74;E-commerce;dataset_vendas_fake.xlsx
V01060;2024-09-21;P020;C026;V07;3;199.54;0.0;598.62;0.0;598.62;Marketplace;dataset_vendas_fake.xlsx
V01061;2024-11-28;P018;C026;V07;1;837.75;0.0;837.75;0.0;837.75;Vendedor Externo;dataset_vendas_fake.xlsx
V01062;2024-04-06;P003;C006;V01;1;64.36;0.0;64.36;0.0;64.36;Marketplace;dataset_vendas_fake.xlsx
V01063;2024-02-26;P015;C020;V06;1;288.5;0.1;288.5;28.85;259.65;Marketplace;dataset_vendas_fake.xlsx
V01064;2024-12-24;P020;C016;V02;2;176.5;0.15;353.0;52.95;300.05;Marketplace;dataset_vendas_fake.xlsx
V01065;2024-01-10;P005;C002;V01;4;2046.54;0.0;8186.16;0.0;8186.16;E-commerce;dataset_vendas_fake.xlsx
V01066;2024-02-22;P010;C009;V01;1;505.41;0.1;505.41;50.54;454.87;Vendedor Externo;dataset_vendas_fake.xlsx
V01067;2024-01-05;P008;C003;V02;1;1664.95;0.0;1664.95;0.0;1664.95;Loja Física;dataset_vendas_fake.xlsx
V01068;2024-09-09;P007;C011;V08;1;2503.92;0.1;2503.92;250.39;2253.53;Marketplace;dataset_vendas_fake.xlsx
V01069;2024-09-12;P012;C015;V03;2;1003.12;0.1;2006.24;200.62;1805.62;Marketplace;dataset_vendas_fake.xlsx
V01070;2024-02-11;P005;C002;V06;2;2105.59;0.0;4211.18;0.0;4211.18;Vendedor Externo;dataset_vendas_fake.xlsx
V01071;2024-02-06;P018;C016;V02;1;921.18;0.0;921.18;0.0;921.18;E-commerce;dataset_vendas_fake.xlsx
V01072;2024-05-08;P013;C027;V04;2;126.38;0.0;252.76;0.0;252.76;Loja Física;dataset_vendas_fake.xlsx
V01073;2024-12-31;P008;C013;V07;1;1500.84;0.05;1500.84;75.04;1425.8;E-commerce;dataset_vendas_fake.xlsx
V01074;2024-01-18;P007;C015;V03;2;2717.43;0.0;5434.86;0.0;5434.86;E-commerce;dataset_vendas_fake.xlsx
V01075;2024-08-30;P013;C022;V06;1;119.39;0.0;119.39;0.0;119.39;Marketplace;dataset_vendas_fake.xlsx
V01076;2024-03-22;P002;C024;V01;3;3736.71;0.0;11210.13;0.0;11210.13;Marketplace;dataset_vendas_fake.xlsx
V01077;2024-09-03;P010;C007;V06;1;424.9;0.0;424.9;0.0;424.9;Loja Física;dataset_vendas_fake.xlsx
V01078;2024-12-07;P007;C004;V01;2;2538.16;0.0;5076.32;0.0;5076.32;Vendedor Externo;dataset_vendas_fake.xlsx
V01079;2024-06-15;P001;C006;V06;1;4262.31;0.0;4262.31;0.0;4262.31;Loja Física;dataset_vendas_fake.xlsx
V01080;2024-07-21;P008;C001;V01;4;1758.85;0.0;7035.4;0.0;7035.4;Vendedor Externo;dataset_vendas_fake.xlsx
V01081;2024-12-18;P020;C005;V06;1;182.02;0.0;182.02;0.0;182.02;Loja Física;dataset_vendas_fake.xlsx
V01082;2024-05-07;P006;C016;V02;2;1047.03;0.0;2094.06;0.0;2094.06;Marketplace;dataset_vendas_fake.xlsx
V01083;2024-11-16;P002;C002;V06;1;3903.72;0.1;3903.72;390.37;3513.35;E-commerce;dataset_vendas_fake.xlsx
V01084;2024-12-25;P018;C026;V02;2;890.55;0.0;1781.1;0.0;1781.1;E-commerce;dataset_vendas_fake.xlsx
V01085;2024-09-06;P008;C011;V08;2;1549.23;0.0;3098.46;0.0;3098.46;Vendedor Externo;dataset_vendas_fake.xlsx
V01086;2024-04-08;P001;C023;V05;1;4775.12;0.0;4775.12;0.0;4775.12;Marketplace;dataset_vendas_fake.xlsx
V01087;2024-03-09;P009;C029;V01;1;390.87;0.0;390.87;0.0;390.87;Vendedor Externo;dataset_vendas_fake.xlsx
V01088;2024-12-27;P015;C018;V05;1;293.32;0.0;293.32;0.0;293.32;Vendedor Externo;dataset_vendas_fake.xlsx
V01089;2024-04-07;P019;C006;V06;2;433.22;0.0;866.44;0.0;866.44;Marketplace;dataset_vendas_fake.xlsx
V01090;2024-08-27;P009;C028;V05;1;367.49;0.0;367.49;0.0;367.49;Loja Física;dataset_vendas_fake.xlsx
V01091;2024-09-28;P005;C015;V08;1;1880.24;0.05;1880.24;94.01;1786.23;Marketplace;dataset_vendas_fake.xlsx
V01092;2024-10-04;P012;C015;V03;1;1002.72;0.1;1002.72;100.27;902.45;Vendedor Externo;dataset_vendas_fake.xlsx
V01093;2024-04-04;P001;C020;V06;2;4543.31;0.0;9086.62;0.0;9086.62;E-commerce;dataset_vendas_fake.xlsx
V01094;2024-06-13;P003;C022;V06;2;63.36;0.0;126.72;0.0;126.72;E-commerce;dataset_vendas_fake.xlsx
V01095;2024-09-25;P016;C025;V03;3;748.27;0.0;2244.81;0.0;2244.81;Marketplace;dataset_vendas_fake.xlsx
V01096;2024-06-14;P014;C021;V07;1;103.93;0.1;103.93;10.39;93.54;Loja Física;dataset_vendas_fake.xlsx
V01097;2024-02-19;P017;C022;V01;3;502.06;0.0;1506.18;0.0;1506.18;Loja Física;dataset_vendas_fake.xlsx
V01098;2024-03-07;P006;C028;V05;3;970.4;0.0;2911.2;0.0;2911.2;E-commerce;dataset_vendas_fake.xlsx
V01099;2024-02-24;P016;C007;V01;4;611.18;0.0;2444.72;0.0;2444.72;Loja Física;dataset_vendas_fake.xlsx
V01100;2024-10-19;P013;C022;V06;1;131.23;0.1;131.23;13.12;118.11;Marketplace;dataset_vendas_fake.xlsx
V01101;2024-01-26;P012;C008;V03;1;1039.36;0.0;1039.36;0.0;1039.36;Loja Física;dataset_vendas_fake.xlsx
V01102;2024-04-16;P016;C030;V03;1;636.98;0.0;636.98;0.0;636.98;Vendedor Externo;dataset_vendas_fake.xlsx
V01103;2024-11-23;P002;C012;V06;1;3567.34;0.0;3567.34;0.0;3567.34;Marketplace;dataset_vendas_fake.xlsx
V01104;2024-12-28;P002;C027;V04;1;4208.28;0.0;4208.28;0.0;4208.28;Loja Física;dataset_vendas_fake.xlsx
V01105;2024-02-06;P010;C003;V02;2;400.94;0.0;801.88;0.0;801.88;Loja Física;dataset_vendas_fake.xlsx
V01106;2024-02-21;P008;C018;V05;2;1703.28;0.0;3406.56;0.0;3406.56;E-commerce;dataset_vendas_fake.xlsx
V01107;2024-04-08;P017;C022;V01;2;577.78;0.0;1155.56;0.0;1155.56;E-commerce;dataset_vendas_fake.xlsx
V01108;2024-10-12;P018;C014;V04;1;941.33;0.0;941.33;0.0;941.33;Marketplace;dataset_vendas_fake.xlsx
V01109;2024-12-11;P015;C023;V05;2;317.75;0.1;635.5;63.55;571.95;Loja Física;dataset_vendas_fake.xlsx
V01110;2024-03-26;P006;C018;V05;1;909.38;0.0;909.38;0.0;909.38;Marketplace;dataset_vendas_fake.xlsx
V01111;2024-12-02;P006;C018;V05;2;1056.85;0.0;2113.7;0.0;2113.7;Marketplace;dataset_vendas_fake.xlsx
V01112;2024-06-10;P018;C011;V08;1;968.22;0.05;968.22;48.41;919.81;Vendedor Externo;dataset_vendas_fake.xlsx
V01113;2024-11-20;P014;C027;V04;3;113.67;0.0;341.01;0.0;341.01;E-commerce;dataset_vendas_fake.xlsx
V01114;2024-10-15;P018;C007;V06;2;967.94;0.0;1935.88;0.0;1935.88;Marketplace;dataset_vendas_fake.xlsx
V01115;2024-07-03;P015;C015;V08;2;274.0;0.0;548.0;0.0;548.0;Loja Física;dataset_vendas_fake.xlsx
V01116;2024-01-18;P010;C020;V01;2;430.35;0.0;860.7;0.0;860.7;E-commerce;dataset_vendas_fake.xlsx
V01117;2024-06-03;P001;C010;V02;1;4270.48;0.0;4270.48;0.0;4270.48;E-commerce;dataset_vendas_fake.xlsx
V01118;2024-06-10;P001;C025;V08;1;5016.78;0.0;5016.78;0.0;5016.78;E-commerce;dataset_vendas_fake.xlsx
V01119;2024-02-18;P002;C015;V08;1;3575.43;0.0;3575.43;0.0;3575.43;E-commerce;dataset_vendas_fake.xlsx
V01120;2024-03-11;P009;C012;V01;1;384.41;0.0;384.41;0.0;384.41;E-commerce;dataset_vendas_fake.xlsx
V01121;2024-05-11;P010;C003;V07;2;430.46;0.0;860.92;0.0;860.92;E-commerce;dataset_vendas_fake.xlsx
V01122;2024-02-09;P011;C026;V07;1;1405.02;0.0;1405.02;0.0;1405.02;E-commerce;dataset_vendas_fake.xlsx
V01123;2024-09-06;P019;C027;V04;1;457.07;0.0;457.07;0.0;457.07;Marketplace;dataset_vendas_fake.xlsx
V01124;2024-01-20;P019;C013;V02;2;451.03;0.0;902.06;0.0;902.06;Loja Física;dataset_vendas_fake.xlsx
V01125;2024-06-20;P012;C029;V06;1;963.1;0.1;963.1;96.31;866.79;Vendedor Externo;dataset_vendas_fake.xlsx
V01126;2024-03-02;P008;C024;V01;2;1819.56;0.0;3639.12;0.0;3639.12;Vendedor Externo;dataset_vendas_fake.xlsx
V01127;2024-01-28;P010;C017;V04;1;478.28;0.0;478.28;0.0;478.28;Marketplace;dataset_vendas_fake.xlsx
V01128;2024-10-03;P019;C005;V06;1;428.71;0.0;428.71;0.0;428.71;E-commerce;dataset_vendas_fake.xlsx
V01129;2024-03-19;P002;C022;V06;1;4361.6;0.0;4361.6;0.0;4361.6;Vendedor Externo;dataset_vendas_fake.xlsx
V01130;2024-10-31;P019;C017;V04;1;429.64;0.0;429.64;0.0;429.64;E-commerce;dataset_vendas_fake.xlsx
V01131;2024-08-09;P010;C026;V07;1;500.57;0.1;500.57;50.06;450.51;E-commerce;dataset_vendas_fake.xlsx
V01132;2024-03-08;P011;C003;V07;1;1393.15;0.2;1393.15;278.63;1114.52;Loja Física;dataset_vendas_fake.xlsx
V01133;2024-10-07;P013;C009;V01;2;146.84;0.0;293.68;0.0;293.68;Vendedor Externo;dataset_vendas_fake.xlsx
V01134;2024-09-13;P014;C025;V03;1;95.52;0.0;95.52;0.0;95.52;E-commerce;dataset_vendas_fake.xlsx
V01135;2024-09-03;P018;C007;V06;5;845.88;0.05;4229.4;211.47;4017.93;Vendedor Externo;dataset_vendas_fake.xlsx
V01136;2024-11-29;P019;C007;V01;2;527.1;0.2;1054.2;210.84;843.36;E-commerce;dataset_vendas_fake.xlsx
V01137;2024-02-06;P009;C025;V08;1;316.03;0.0;316.03;0.0;316.03;Marketplace;dataset_vendas_fake.xlsx
V01138;2024-12-16;P019;C003;V02;1;427.67;0.0;427.67;0.0;427.67;Vendedor Externo;dataset_vendas_fake.xlsx
V01139;2024-08-04;P012;C012;V01;2;941.31;0.0;1882.62;0.0;1882.62;Marketplace;dataset_vendas_fake.xlsx
V01140;2024-06-25;P020;C021;V02;2;173.06;0.0;346.12;0.0;346.12;Marketplace;dataset_vendas_fake.xlsx
V01141;2024-03-27;P012;C020;V06;2;954.4;0.05;1908.8;95.44;1813.36;E-commerce;dataset_vendas_fake.xlsx
V01142;2024-08-13;P002;C030;V03;1;4320.38;0.0;4320.38;0.0;4320.38;E-commerce;dataset_vendas_fake.xlsx
V01143;2024-12-16;P012;C005;V01;1;954.6;0.1;954.6;95.46;859.14;Loja Física;dataset_vendas_fake.xlsx
V01144;2024-01-28;P008;C020;V01;1;1744.0;0.2;1744.0;348.8;1395.2;Marketplace;dataset_vendas_fake.xlsx
V01145;2024-01-08;P011;C023;V05;2;1250.27;0.05;2500.54;125.03;2375.51;Marketplace;dataset_vendas_fake.xlsx
V01146;2024-08-18;P016;C001;V06;1;638.45;0.0;638.45;0.0;638.45;E-commerce;dataset_vendas_fake.xlsx
V01147;2024-10-02;P007;C007;V06;3;2992.88;0.0;8978.64;0.0;8978.64;Vendedor Externo;dataset_vendas_fake.xlsx
V01148;2024-11-14;P005;C023;V05;1;1986.11;0.2;1986.11;397.22;1588.89;Vendedor Externo;dataset_vendas_fake.xlsx
V01149;2024-10-25;P017;C002;V06;5;561.38;0.1;2806.9;280.69;2526.21;E-commerce;dataset_vendas_fake.xlsx
V01150;2024-01-31;P010;C007;V06;2;466.43;0.0;932.86;0.0;932.86;Loja Física;dataset_vendas_fake.xlsx
V01151;2024-08-26;P001;C003;V07;1;4755.76;0.0;4755.76;0.0;4755.76;Marketplace;dataset_vendas_fake.xlsx
V01152;2024-12-05;P012;C028;V05;1;1026.73;0.0;1026.73;0.0;1026.73;Loja Física;dataset_vendas_fake.xlsx
V01153;2024-05-29;P013;C008;V08;1;141.72;0.0;141.72;0.0;141.72;Loja Física;dataset_vendas_fake.xlsx
V01154;2024-06-10;P016;C028;V05;2;646.25;0.0;1292.5;0.0;1292.5;E-commerce;dataset_vendas_fake.xlsx
V01155;2024-04-11;P017;C015;V03;2;554.71;0.0;1109.42;0.0;1109.42;Loja Física;dataset_vendas_fake.xlsx
V01156;2024-05-06;P017;C010;V07;2;535.54;0.0;1071.08;0.0;1071.08;Vendedor Externo;dataset_vendas_fake.xlsx
V01157;2024-07-20;P006;C001;V06;2;916.58;0.0;1833.16;0.0;1833.16;Marketplace;dataset_vendas_fake.xlsx
V01158;2024-06-30;P010;C008;V08;2;468.29;0.0;936.58;0.0;936.58;Loja Física;dataset_vendas_fake.xlsx
V01159;2024-11-16;P009;C029;V06;2;382.75;0.2;765.5;153.1;612.4;Loja Física;dataset_vendas_fake.xlsx
V01160;2024-10-11;P009;C008;V03;1;355.24;0.0;355.24;0.0;355.24;Marketplace;dataset_vendas_fake.xlsx
V01161;2024-07-20;P005;C003;V07;1;2175.62;0.0;2175.62;0.0;2175.62;E-commerce;dataset_vendas_fake.xlsx
V01162;2024-08-01;P008;C019;V05;3;1744.94;0.0;5234.82;0.0;5234.82;Vendedor Externo;dataset_vendas_fake.xlsx
V01163;2024-06-08;P020;C011;V08;1;164.87;0.0;164.87;0.0;164.87;E-commerce;dataset_vendas_fake.xlsx
V01164;2024-04-15;P005;C019;V05;1;1919.4;0.0;1919.4;0.0;1919.4;E-commerce;dataset_vendas_fake.xlsx
V01165;2024-06-07;P017;C030;V03;3;592.43;0.0;1777.29;0.0;1777.29;Vendedor Externo;dataset_vendas_fake.xlsx
V01166;2024-03-15;P019;C030;V03;1;527.7;0.1;527.7;52.77;474.93;Marketplace;dataset_vendas_fake.xlsx
V01167;2024-02-04;P018;C018;V05;1;935.02;0.0;935.02;0.0;935.02;E-commerce;dataset_vendas_fake.xlsx
V01168;2024-06-11;P005;C024;V01;2;2398.55;0.0;4797.1;0.0;4797.1;Marketplace;dataset_vendas_fake.xlsx
V01169;2024-07-30;P014;C010;V07;3;110.09;0.2;330.27;66.05;264.22;Marketplace;dataset_vendas_fake.xlsx
V01170;2024-03-18;P007;C004;V01;1;2938.51;0.0;2938.51;0.0;2938.51;E-commerce;dataset_vendas_fake.xlsx
V01171;2024-01-14;P020;C020;V06;1;165.55;0.2;165.55;33.11;132.44;E-commerce;dataset_vendas_fake.xlsx
V01172;2024-11-01;P008;C008;V03;2;1858.07;0.15;3716.14;557.42;3158.72;Marketplace;dataset_vendas_fake.xlsx
V01173;2024-02-10;P016;C005;V06;1;664.78;0.0;664.78;0.0;664.78;Marketplace;dataset_vendas_fake.xlsx
V01174;2024-04-04;P013;C016;V07;1;126.38;0.0;126.38;0.0;126.38;E-commerce;dataset_vendas_fake.xlsx
V01175;2024-03-24;P007;C008;V03;1;2442.15;0.0;2442.15;0.0;2442.15;Vendedor Externo;dataset_vendas_fake.xlsx
V01176;2024-01-08;P009;C014;V04;1;397.64;0.05;397.64;19.88;377.76;E-commerce;dataset_vendas_fake.xlsx
V01177;2024-04-14;P003;C006;V06;4;63.18;0.0;252.72;0.0;252.72;Vendedor Externo;dataset_vendas_fake.xlsx
V01178;2024-12-18;P011;C028;V05;2;1214.13;0.0;2428.26;0.0;2428.26;E-commerce;dataset_vendas_fake.xlsx
V01179;2024-08-06;P013;C025;V03;1;123.06;0.0;123.06;0.0;123.06;Vendedor Externo;dataset_vendas_fake.xlsx
V01180;2024-06-09;P013;C020;V01;1;141.16;0.0;141.16;0.0;141.16;Loja Física;dataset_vendas_fake.xlsx
V01181;2024-08-19;P015;C027;V04;1;321.96;0.0;321.96;0.0;321.96;E-commerce;dataset_vendas_fake.xlsx
V01182;2024-09-22;P018;C013;V02;1;962.63;0.0;962.63;0.0;962.63;Vendedor Externo;dataset_vendas_fake.xlsx
V01183;2024-09-21;P002;C007;V06;1;3974.85;0.0;3974.85;0.0;3974.85;Vendedor Externo;dataset_vendas_fake.xlsx
V01184;2024-07-22;P010;C025;V08;1;490.03;0.0;490.03;0.0;490.03;Vendedor Externo;dataset_vendas_fake.xlsx
V01185;2024-03-26;P014;C010;V02;1;107.02;0.0;107.02;0.0;107.02;E-commerce;dataset_vendas_fake.xlsx
V01186;2024-08-25;P015;C003;V02;2;282.61;0.0;565.22;0.0;565.22;E-commerce;dataset_vendas_fake.xlsx
V01187;2024-10-26;P018;C005;V06;1;874.73;0.0;874.73;0.0;874.73;Vendedor Externo;dataset_vendas_fake.xlsx
V01188;2024-06-14;P015;C001;V01;2;266.69;0.0;533.38;0.0;533.38;Vendedor Externo;dataset_vendas_fake.xlsx
V01189;2024-10-29;P007;C029;V06;1;2857.13;0.0;2857.13;0.0;2857.13;Loja Física;dataset_vendas_fake.xlsx
V01190;2024-05-08;P011;C023;V05;2;1354.55;0.1;2709.1;270.91;2438.19;Loja Física;dataset_vendas_fake.xlsx
V01191;2024-02-16;P004;C023;V05;1;258.9;0.1;258.9;25.89;233.01;Marketplace;dataset_vendas_fake.xlsx
V01192;2024-02-13;P017;C023;V05;5;593.31;0.0;2966.55;0.0;2966.55;E-commerce;dataset_vendas_fake.xlsx
V01193;2024-07-12;P018;C013;V02;1;881.2;0.05;881.2;44.06;837.14;E-commerce;dataset_vendas_fake.xlsx
V01194;2024-06-20;P019;C028;V05;1;482.5;0.1;482.5;48.25;434.25;E-commerce;dataset_vendas_fake.xlsx
V01195;2024-03-15;P006;C025;V03;1;1085.65;0.0;1085.65;0.0;1085.65;Vendedor Externo;dataset_vendas_fake.xlsx
V01196;2024-06-06;P010;C024;V06;1;450.85;0.05;450.85;22.54;428.31;Marketplace;dataset_vendas_fake.xlsx
V01197;2024-11-16;P006;C004;V01;1;923.12;0.15;923.12;138.47;784.65;E-commerce;dataset_vendas_fake.xlsx
V01198;2024-01-02;P020;C025;V08;1;188.33;0.0;188.33;0.0;188.33;Loja Física;dataset_vendas_fake.xlsx
V01199;2024-08-22;P016;C028;V05;1;708.32;0.0;708.32;0.0;708.32;Loja Física;dataset_vendas_fake.xlsx
V01200;2024-11-07;P016;C008;V03;1;662.53;0.0;662.53;0.0;662.53;Vendedor Externo;dataset_vendas_fake.xlsx
V01201;2024-08-20;P014;C015;V03;1;108.74;0.0;108.74;0.0;108.74;Loja Física;dataset_vendas_fake.xlsx
V01202;2024-05-05;P018;C009;V01;1;822.46;0.0;822.46;0.0;822.46;Loja Física;dataset_vendas_fake.xlsx
V01203;2024-04-04;P005;C002;V06;2;2025.0;0.15;4050.0;607.5;3442.5;Loja Física;dataset_vendas_fake.xlsx
V01204;2024-03-15;P002;C022;V06;4;4059.84;0.0;16239.36;0.0;16239.36;Marketplace;dataset_vendas_fake.xlsx
V01205;2024-02-14;P002;C004;V06;1;4281.78;0.0;4281.78;0.0;4281.78;E-commerce;dataset_vendas_fake.xlsx
V01206;2024-03-23;P010;C020;V01;1;462.36;0.1;462.36;46.24;416.12;Vendedor Externo;dataset_vendas_fake.xlsx
V01207;2024-10-23;P012;C030;V03;2;852.34;0.0;1704.68;0.0;1704.68;Loja Física;dataset_vendas_fake.xlsx
V01208;2024-06-02;P011;C012;V06;1;1180.47;0.1;1180.47;118.05;1062.42;Loja Física;dataset_vendas_fake.xlsx
V01209;2024-08-06;P018;C003;V07;1;832.12;0.0;832.12;0.0;832.12;Vendedor Externo;dataset_vendas_fake.xlsx
V01210;2024-03-09;P004;C023;V05;3;274.93;0.0;824.79;0.0;824.79;Marketplace;dataset_vendas_fake.xlsx
V01211;2024-09-26;P014;C017;V04;2;97.74;0.0;195.48;0.0;195.48;E-commerce;dataset_vendas_fake.xlsx
V01212;2024-11-09;P002;C004;V01;1;3591.9;0.0;3591.9;0.0;3591.9;Vendedor Externo;dataset_vendas_fake.xlsx
V01213;2024-12-18;P020;C030;V08;3;164.32;0.0;492.96;0.0;492.96;Vendedor Externo;dataset_vendas_fake.xlsx
V01214;2024-11-07;P011;C009;V06;1;1186.68;0.15;1186.68;178.0;1008.68;E-commerce;dataset_vendas_fake.xlsx
V01215;2024-11-10;P019;C016;V07;1;480.49;0.05;480.49;24.02;456.47;Vendedor Externo;dataset_vendas_fake.xlsx
V01216;2024-04-02;P020;C008;V08;1;184.67;0.0;184.67;0.0;184.67;E-commerce;dataset_vendas_fake.xlsx
V01217;2024-01-01;P004;C001;V06;1;287.97;0.05;287.97;14.4;273.57;Loja Física;dataset_vendas_fake.xlsx
V01218;2024-04-16;P020;C014;V04;1;200.15;0.0;200.15;0.0;200.15;Loja Física;dataset_vendas_fake.xlsx
V01219;2024-06-19;P012;C018;V05;1;859.01;0.0;859.01;0.0;859.01;Loja Física;dataset_vendas_fake.xlsx
V01220;2024-11-23;P007;C023;V05;1;2784.06;0.15;2784.06;417.61;2366.45;Marketplace;dataset_vendas_fake.xlsx
V01221;2024-02-04;P010;C010;V07;1;456.14;0.0;456.14;0.0;456.14;Loja Física;dataset_vendas_fake.xlsx
V01222;2024-02-28;P011;C011;V08;1;1284.19;0.0;1284.19;0.0;1284.19;Loja Física;dataset_vendas_fake.xlsx
V01223;2024-03-30;P007;C011;V08;2;2481.85;0.0;4963.7;0.0;4963.7;Vendedor Externo;dataset_vendas_fake.xlsx
V01224;2024-08-30;P002;C021;V02;1;3732.73;0.0;3732.73;0.0;3732.73;Vendedor Externo;dataset_vendas_fake.xlsx
V01225;2024-03-20;P015;C029;V06;2;270.7;0.0;541.4;0.0;541.4;Vendedor Externo;dataset_vendas_fake.xlsx
V01226;2024-07-30;P002;C027;V04;1;3670.03;0.0;3670.03;0.0;3670.03;Marketplace;dataset_vendas_fake.xlsx
V01227;2024-10-11;P018;C001;V01;2;860.08;0.05;1720.16;86.01;1634.15;Marketplace;dataset_vendas_fake.xlsx
V01228;2024-06-30;P003;C005;V06;1;68.42;0.0;68.42;0.0;68.42;Loja Física;dataset_vendas_fake.xlsx
V01229;2024-06-22;P013;C021;V02;2;137.56;0.15;275.12;41.27;233.85;Vendedor Externo;dataset_vendas_fake.xlsx
V01230;2024-04-05;P020;C004;V06;1;165.51;0.0;165.51;0.0;165.51;Marketplace;dataset_vendas_fake.xlsx
V01231;2024-12-29;P002;C009;V06;2;4014.24;0.05;8028.48;401.42;7627.06;Loja Física;dataset_vendas_fake.xlsx
V01232;2024-09-11;P008;C012;V06;1;1644.94;0.0;1644.94;0.0;1644.94;Marketplace;dataset_vendas_fake.xlsx
V01233;2024-04-20;P017;C010;V02;4;563.83;0.15;2255.32;338.3;1917.02;Loja Física;dataset_vendas_fake.xlsx
V01234;2024-07-10;P002;C025;V03;1;4099.23;0.0;4099.23;0.0;4099.23;Loja Física;dataset_vendas_fake.xlsx
V01235;2024-08-15;P017;C001;V06;1;587.8;0.15;587.8;88.17;499.63;E-commerce;dataset_vendas_fake.xlsx
V01236;2024-04-07;P011;C030;V08;3;1342.72;0.0;4028.16;0.0;4028.16;Marketplace;dataset_vendas_fake.xlsx
V01237;2024-06-16;P005;C025;V03;1;2380.76;0.0;2380.76;0.0;2380.76;E-commerce;dataset_vendas_fake.xlsx
V01238;2024-04-15;P002;C015;V08;2;4192.12;0.0;8384.24;0.0;8384.24;Loja Física;dataset_vendas_fake.xlsx
V01239;2024-01-03;P010;C030;V03;5;434.93;0.0;2174.65;0.0;2174.65;Loja Física;dataset_vendas_fake.xlsx
V01240;2024-06-19;P015;C029;V01;1;295.05;0.0;295.05;0.0;295.05;Loja Física;dataset_vendas_fake.xlsx
V01241;2024-09-23;P010;C001;V06;1;493.47;0.15;493.47;74.02;419.45;E-commerce;dataset_vendas_fake.xlsx
V01242;2024-06-13;P007;C007;V06;1;2622.72;0.15;2622.72;393.41;2229.31;Marketplace;dataset_vendas_fake.xlsx
V01243;2024-09-29;P011;C025;V08;1;1141.27;0.0;1141.27;0.0;1141.27;Loja Física;dataset_vendas_fake.xlsx
V01244;2024-05-19;P005;C006;V06;1;1954.0;0.2;1954.0;390.8;1563.2;Loja Física;dataset_vendas_fake.xlsx
V01245;2024-01-08;P020;C018;V05;1;185.32;0.0;185.32;0.0;185.32;E-commerce;dataset_vendas_fake.xlsx
V01246;2024-10-04;P012;C018;V05;1;963.09;0.05;963.09;48.15;914.94;Marketplace;dataset_vendas_fake.xlsx
V01247;2024-03-13;P010;C019;V05;2;464.72;0.15;929.44;139.42;790.02;E-commerce;dataset_vendas_fake.xlsx
V01248;2024-02-06;P010;C020;V06;2;484.79;0.0;969.58;0.0;969.58;Vendedor Externo;dataset_vendas_fake.xlsx
V01249;2024-01-26;P005;C001;V06;1;1986.53;0.0;1986.53;0.0;1986.53;Loja Física;dataset_vendas_fake.xlsx
V01250;2024-02-24;P013;C002;V01;1;132.13;0.1;132.13;13.21;118.92;Vendedor Externo;dataset_vendas_fake.xlsx
V01251;2024-07-19;P006;C023;V05;3;1097.75;0.0;3293.25;0.0;3293.25;Marketplace;dataset_vendas_fake.xlsx
V01252;2024-06-08;P011;C027;V04;2;1197.11;0.0;2394.22;0.0;2394.22;Loja Física;dataset_vendas_fake.xlsx
V01253;2024-08-26;P019;C005;V01;1;465.71;0.0;465.71;0.0;465.71;Vendedor Externo;dataset_vendas_fake.xlsx
V01254;2024-02-19;P015;C010;V07;2;271.31;0.05;542.62;27.13;515.49;Vendedor Externo;dataset_vendas_fake.xlsx
V01255;2024-04-28;P008;C005;V06;1;1620.94;0.0;1620.94;0.0;1620.94;Marketplace;dataset_vendas_fake.xlsx
V01256;2024-07-19;P006;C023;V05;1;1021.04;0.0;1021.04;0.0;1021.04;Marketplace;dataset_vendas_fake.xlsx
V01257;2024-08-20;P016;C001;V01;1;619.59;0.0;619.59;0.0;619.59;Vendedor Externo;dataset_vendas_fake.xlsx
V01258;2024-02-27;P012;C016;V07;3;890.75;0.05;2672.25;133.61;2538.64;E-commerce;dataset_vendas_fake.xlsx
V01259;2024-05-24;P012;C020;V01;2;1024.43;0.1;2048.86;204.89;1843.97;Loja Física;dataset_vendas_fake.xlsx
V01260;2024-07-26;P004;C011;V03;1;266.39;0.1;266.39;26.64;239.75;Marketplace;dataset_vendas_fake.xlsx
V01261;2024-09-29;P015;C013;V07;1;286.52;0.0;286.52;0.0;286.52;E-commerce;dataset_vendas_fake.xlsx
V01262;2024-11-13;P008;C018;V05;2;1836.41;0.0;3672.82;0.0;3672.82;Vendedor Externo;dataset_vendas_fake.xlsx
V01263;2024-07-15;P003;C011;V03;1;63.56;0.0;63.56;0.0;63.56;Vendedor Externo;dataset_vendas_fake.xlsx
V01264;2024-08-10;P019;C026;V07;5;450.55;0.0;2252.75;0.0;2252.75;E-commerce;dataset_vendas_fake.xlsx
V01265;2024-03-29;P003;C024;V06;1;67.89;0.0;67.89;0.0;67.89;Loja Física;dataset_vendas_fake.xlsx
V01266;2024-10-30;P020;C015;V08;2;186.72;0.0;373.44;0.0;373.44;Loja Física;dataset_vendas_fake.xlsx
V01267;2024-08-15;P006;C010;V07;1;1014.15;0.0;1014.15;0.0;1014.15;Loja Física;dataset_vendas_fake.xlsx
V01268;2024-11-02;P004;C022;V06;4;276.58;0.2;1106.32;221.26;885.06;Marketplace;dataset_vendas_fake.xlsx
V01269;2024-09-10;P002;C003;V02;1;4450.33;0.0;4450.33;0.0;4450.33;E-commerce;dataset_vendas_fake.xlsx
V01270;2024-10-24;P001;C025;V03;1;4056.39;0.0;4056.39;0.0;4056.39;E-commerce;dataset_vendas_fake.xlsx
V01271;2024-08-19;P018;C010;V07;2;874.37;0.0;1748.74;0.0;1748.74;Vendedor Externo;dataset_vendas_fake.xlsx
V01272;2024-04-10;P007;C022;V06;2;2543.15;0.0;5086.3;0.0;5086.3;Marketplace;dataset_vendas_fake.xlsx
V01273;2024-10-18;P010;C030;V08;1;492.24;0.1;492.24;49.22;443.02;Marketplace;dataset_vendas_fake.xlsx
V01274;2024-02-15;P019;C001;V06;1;466.75;0.0;466.75;0.0;466.75;E-commerce;dataset_vendas_fake.xlsx
V01275;2024-05-30;P002;C012;V01;2;3821.62;0.0;7643.24;0.0;7643.24;Loja Física;dataset_vendas_fake.xlsx
V01276;2024-12-26;P018;C027;V04;1;876.27;0.0;876.27;0.0;876.27;Loja Física;dataset_vendas_fake.xlsx
V01277;2024-05-24;P001;C008;V08;2;4247.79;0.0;8495.58;0.0;8495.58;Vendedor Externo;dataset_vendas_fake.xlsx
V01278;2024-11-16;P011;C023;V05;2;1369.06;0.0;2738.12;0.0;2738.12;Vendedor Externo;dataset_vendas_fake.xlsx
V01279;2024-07-14;P014;C018;V05;1;101.71;0.15;101.71;15.26;86.45;E-commerce;dataset_vendas_fake.xlsx
V01280;2024-08-31;P005;C007;V06;1;2365.22;0.0;2365.22;0.0;2365.22;Marketplace;dataset_vendas_fake.xlsx
V01281;2024-08-01;P005;C010;V02;1;1892.15;0.0;1892.15;0.0;1892.15;E-commerce;dataset_vendas_fake.xlsx
V01282;2024-01-06;P003;C021;V02;1;58.79;0.0;58.79;0.0;58.79;E-commerce;dataset_vendas_fake.xlsx
V01283;2024-09-06;P014;C005;V01;5;108.51;0.05;542.55;27.13;515.42;E-commerce;dataset_vendas_fake.xlsx
V01284;2024-11-24;P014;C028;V05;1;104.71;0.0;104.71;0.0;104.71;Vendedor Externo;dataset_vendas_fake.xlsx
V01285;2024-11-15;P006;C015;V08;2;1104.93;0.0;2209.86;0.0;2209.86;Vendedor Externo;dataset_vendas_fake.xlsx
V01286;2024-07-15;P012;C008;V03;1;893.19;0.0;893.19;0.0;893.19;Vendedor Externo;dataset_vendas_fake.xlsx
V01287;2024-11-05;P001;C019;V05;1;4933.68;0.1;4933.68;493.37;4440.31;E-commerce;dataset_vendas_fake.xlsx
V01288;2024-12-30;P017;C009;V06;2;524.67;0.0;1049.34;0.0;1049.34;Marketplace;dataset_vendas_fake.xlsx
V01289;2024-01-18;P002;C019;V05;1;3847.8;0.0;3847.8;0.0;3847.8;Marketplace;dataset_vendas_fake.xlsx
V01290;2024-02-27;P019;C016;V02;2;503.32;0.0;1006.64;0.0;1006.64;E-commerce;dataset_vendas_fake.xlsx
V01291;2024-09-26;P009;C015;V03;1;328.41;0.0;328.41;0.0;328.41;Loja Física;dataset_vendas_fake.xlsx
V01292;2024-05-05;P016;C021;V02;2;607.04;0.0;1214.08;0.0;1214.08;Marketplace;dataset_vendas_fake.xlsx
V01293;2024-11-09;P002;C029;V06;1;4361.74;0.0;4361.74;0.0;4361.74;Loja Física;dataset_vendas_fake.xlsx
V01294;2024-08-28;P015;C017;V04;1;299.43;0.05;299.43;14.97;284.46;Marketplace;dataset_vendas_fake.xlsx
V01295;2024-08-03;P012;C026;V07;4;862.65;0.1;3450.6;345.06;3105.54;Marketplace;dataset_vendas_fake.xlsx
V01296;2024-03-26;P002;C023;V05;4;4398.09;0.0;17592.36;0.0;17592.36;Marketplace;dataset_vendas_fake.xlsx
V01297;2024-02-01;P016;C019;V05;2;667.74;0.05;1335.48;66.77;1268.71;Loja Física;dataset_vendas_fake.xlsx
V01298;2024-12-02;P010;C026;V02;1;475.87;0.0;475.87;0.0;475.87;Marketplace;dataset_vendas_fake.xlsx
V01299;2024-09-05;P003;C005;V01;2;69.24;0.0;138.48;0.0;138.48;Marketplace;dataset_vendas_fake.xlsx
V01300;2024-05-09;P005;C020;V06;2;2158.66;0.1;4317.32;431.73;3885.59;Marketplace;dataset_vendas_fake.xlsx
V01301;2024-05-11;P001;C024;V01;1;4424.53;0.15;4424.53;663.68;3760.85;E-commerce;dataset_vendas_fake.xlsx
V01302;2024-10-29;P005;C022;V06;1;2318.21;0.0;2318.21;0.0;2318.21;Marketplace;dataset_vendas_fake.xlsx
V01303;2024-03-30;P009;C026;V02;1;339.49;0.0;339.49;0.0;339.49;Vendedor Externo;dataset_vendas_fake.xlsx
V01304;2024-04-02;P017;C028;V05;1;480.22;0.0;480.22;0.0;480.22;Marketplace;dataset_vendas_fake.xlsx
V01305;2024-02-13;P005;C020;V01;1;2388.64;0.2;2388.64;477.73;1910.91;Vendedor Externo;dataset_vendas_fake.xlsx
V01306;2024-07-30;P013;C008;V08;1;142.97;0.0;142.97;0.0;142.97;E-commerce;dataset_vendas_fake.xlsx
V01307;2024-04-17;P019;C024;V06;2;520.85;0.15;1041.7;156.26;885.44;Loja Física;dataset_vendas_fake.xlsx
V01308;2024-11-24;P009;C025;V03;1;381.04;0.0;381.04;0.0;381.04;Loja Física;dataset_vendas_fake.xlsx
V01309;2024-03-26;P015;C013;V07;5;264.39;0.0;1321.95;0.0;1321.95;Marketplace;dataset_vendas_fake.xlsx
V01310;2024-08-31;P018;C008;V08;2;924.31;0.0;1848.62;0.0;1848.62;Vendedor Externo;dataset_vendas_fake.xlsx
V01311;2024-08-30;P009;C005;V06;4;328.35;0.0;1313.4;0.0;1313.4;Loja Física;dataset_vendas_fake.xlsx
V01312;2024-05-27;P015;C013;V07;1;285.08;0.0;285.08;0.0;285.08;Loja Física;dataset_vendas_fake.xlsx
V01313;2024-02-19;P018;C021;V07;1;809.77;0.0;809.77;0.0;809.77;Vendedor Externo;dataset_vendas_fake.xlsx
V01314;2024-11-08;P009;C011;V08;1;378.76;0.1;378.76;37.88;340.88;Marketplace;dataset_vendas_fake.xlsx
V01315;2024-02-20;P009;C021;V07;1;346.9;0.0;346.9;0.0;346.9;Vendedor Externo;dataset_vendas_fake.xlsx
V01316;2024-12-11;P008;C024;V01;1;1777.92;0.0;1777.92;0.0;1777.92;Marketplace;dataset_vendas_fake.xlsx
V01317;2024-12-12;P006;C011;V03;1;932.28;0.0;932.28;0.0;932.28;Loja Física;dataset_vendas_fake.xlsx
V01318;2024-02-04;P001;C014;V04;2;5091.65;0.0;10183.3;0.0;10183.3;Loja Física;dataset_vendas_fake.xlsx
V01319;2024-12-16;P015;C012;V01;1;326.33;0.15;326.33;48.95;277.38;Marketplace;dataset_vendas_fake.xlsx
V01320;2024-05-08;P007;C002;V01;1;2408.66;0.0;2408.66;0.0;2408.66;Loja Física;dataset_vendas_fake.xlsx
V01321;2024-01-30;P020;C022;V01;1;180.38;0.0;180.38;0.0;180.38;Loja Física;dataset_vendas_fake.xlsx
V01322;2024-12-28;P004;C003;V02;1;225.71;0.05;225.71;11.29;214.42;Vendedor Externo;dataset_vendas_fake.xlsx
V01323;2024-12-02;P019;C026;V02;1;429.79;0.0;429.79;0.0;429.79;Loja Física;dataset_vendas_fake.xlsx
V01324;2024-12-22;P006;C009;V06;1;1113.58;0.0;1113.58;0.0;1113.58;Vendedor Externo;dataset_vendas_fake.xlsx
V01325;2024-12-04;P003;C021;V07;1;67.42;0.0;67.42;0.0;67.42;Marketplace;dataset_vendas_fake.xlsx
V01326;2024-08-06;P011;C009;V01;3;1229.23;0.0;3687.69;0.0;3687.69;Loja Física;dataset_vendas_fake.xlsx
V01327;2024-05-21;P002;C013;V07;1;3917.6;0.1;3917.6;391.76;3525.84;Marketplace;dataset_vendas_fake.xlsx
V01328;2024-01-31;P009;C027;V04;2;332.13;0.0;664.26;0.0;664.26;E-commerce;dataset_vendas_fake.xlsx
V01329;2024-08-13;P003;C016;V02;2;70.9;0.0;141.8;0.0;141.8;Vendedor Externo;dataset_vendas_fake.xlsx
V01330;2024-04-01;P016;C004;V01;1;656.69;0.1;656.69;65.67;591.02;Vendedor Externo;dataset_vendas_fake.xlsx
V01331;2024-04-21;P020;C021;V02;1;172.11;0.05;172.11;8.61;163.5;Vendedor Externo;dataset_vendas_fake.xlsx
V01332;2024-05-12;P004;C002;V01;1;256.03;0.0;256.03;0.0;256.03;Loja Física;dataset_vendas_fake.xlsx
V01333;2024-10-19;P009;C025;V08;1;347.03;0.0;347.03;0.0;347.03;Loja Física;dataset_vendas_fake.xlsx
V01334;2024-09-11;P005;C021;V02;1;2175.3;0.1;2175.3;217.53;1957.77;Loja Física;dataset_vendas_fake.xlsx
V01335;2024-12-06;P013;C009;V01;2;123.87;0.0;247.74;0.0;247.74;Marketplace;dataset_vendas_fake.xlsx
V01336;2024-07-19;P019;C001;V06;1;467.97;0.0;467.97;0.0;467.97;Vendedor Externo;dataset_vendas_fake.xlsx
V01337;2024-08-11;P013;C028;V05;2;120.63;0.0;241.26;0.0;241.26;E-commerce;dataset_vendas_fake.xlsx
V01338;2024-01-02;P013;C023;V05;1;141.93;0.0;141.93;0.0;141.93;Loja Física;dataset_vendas_fake.xlsx
V01339;2024-10-17;P018;C030;V08;2;831.38;0.1;1662.76;166.28;1496.48;Marketplace;dataset_vendas_fake.xlsx
V01340;2024-12-15;P010;C013;V02;3;433.3;0.0;1299.9;0.0;1299.9;Loja Física;dataset_vendas_fake.xlsx
V01341;2024-07-06;P018;C028;V05;1;827.2;0.0;827.2;0.0;827.2;Loja Física;dataset_vendas_fake.xlsx
V01342;2024-08-23;P010;C021;V02;2;475.39;0.1;950.78;95.08;855.7;E-commerce;dataset_vendas_fake.xlsx
V01343;2024-10-10;P002;C013;V02;1;3653.19;0.05;3653.19;182.66;3470.53;Marketplace;dataset_vendas_fake.xlsx
V01344;2024-12-22;P013;C029;V01;1;141.07;0.0;141.07;0.0;141.07;Marketplace;dataset_vendas_fake.xlsx
V01345;2024-09-06;P003;C029;V06;1;71.88;0.0;71.88;0.0;71.88;E-commerce;dataset_vendas_fake.xlsx
V01346;2024-03-12;P002;C007;V01;5;4457.73;0.05;22288.65;1114.43;21174.22;E-commerce;dataset_vendas_fake.xlsx
V01347;2024-09-07;P013;C003;V07;2;137.96;0.1;275.92;27.59;248.33;Vendedor Externo;dataset_vendas_fake.xlsx
V01348;2024-09-30;P015;C001;V01;1;296.87;0.0;296.87;0.0;296.87;Marketplace;dataset_vendas_fake.xlsx
V01349;2024-01-29;P011;C026;V02;1;1245.66;0.0;1245.66;0.0;1245.66;Vendedor Externo;dataset_vendas_fake.xlsx
V01350;2024-03-01;P007;C026;V07;1;2940.63;0.0;2940.63;0.0;2940.63;E-commerce;dataset_vendas_fake.xlsx
V01351;2024-10-23;P008;C030;V03;4;1789.42;0.1;7157.68;715.77;6441.91;Loja Física;dataset_vendas_fake.xlsx
V01352;2024-03-13;P016;C021;V02;1;730.96;0.0;730.96;0.0;730.96;Vendedor Externo;dataset_vendas_fake.xlsx
V01353;2024-11-12;P002;C008;V03;2;3539.34;0.1;7078.68;707.87;6370.81;Loja Física;dataset_vendas_fake.xlsx
V01354;2024-03-29;P002;C029;V06;5;3788.19;0.0;18940.95;0.0;18940.95;Loja Física;dataset_vendas_fake.xlsx
V01355;2024-08-21;P020;C006;V01;2;174.01;0.1;348.02;34.8;313.22;Loja Física;dataset_vendas_fake.xlsx
V01356;2024-02-28;P016;C020;V01;1;621.16;0.2;621.16;124.23;496.93;Loja Física;dataset_vendas_fake.xlsx
V01357;2024-04-13;P014;C011;V08;2;115.98;0.0;231.96;0.0;231.96;Marketplace;dataset_vendas_fake.xlsx
V01358;2024-03-02;P019;C018;V05;2;495.71;0.0;991.42;0.0;991.42;Marketplace;dataset_vendas_fake.xlsx
V01359;2024-04-19;P002;C019;V05;2;4063.85;0.0;8127.7;0.0;8127.7;Marketplace;dataset_vendas_fake.xlsx
V01360;2024-02-02;P004;C009;V01;1;273.42;0.0;273.42;0.0;273.42;Vendedor Externo;dataset_vendas_fake.xlsx
V01361;2024-03-27;P012;C018;V05;2;865.58;0.0;1731.16;0.0;1731.16;Vendedor Externo;dataset_vendas_fake.xlsx
V01362;2024-05-04;P019;C002;V01;2;451.03;0.0;902.06;0.0;902.06;Loja Física;dataset_vendas_fake.xlsx
V01363;2024-11-19;P020;C013;V02;1;190.07;0.1;190.07;19.01;171.06;Loja Física;dataset_vendas_fake.xlsx
V01364;2024-09-06;P003;C001;V01;1;67.81;0.0;67.81;0.0;67.81;E-commerce;dataset_vendas_fake.xlsx
V01365;2024-02-15;P019;C029;V06;1;535.53;0.0;535.53;0.0;535.53;Vendedor Externo;dataset_vendas_fake.xlsx
V01366;2024-12-21;P016;C023;V05;1;602.3;0.0;602.3;0.0;602.3;E-commerce;dataset_vendas_fake.xlsx
V01367;2024-03-14;P009;C017;V04;1;314.94;0.0;314.94;0.0;314.94;Vendedor Externo;dataset_vendas_fake.xlsx
V01368;2024-05-02;P006;C020;V01;1;1009.3;0.0;1009.3;0.0;1009.3;E-commerce;dataset_vendas_fake.xlsx
V01369;2024-09-12;P020;C003;V07;1;192.7;0.2;192.7;38.54;154.16;Marketplace;dataset_vendas_fake.xlsx
V01370;2024-08-02;P001;C018;V05;1;4997.23;0.0;4997.23;0.0;4997.23;E-commerce;dataset_vendas_fake.xlsx
V01371;2024-03-01;P017;C004;V06;1;541.54;0.0;541.54;0.0;541.54;E-commerce;dataset_vendas_fake.xlsx
V01372;2024-08-25;P007;C009;V01;1;2774.61;0.0;2774.61;0.0;2774.61;E-commerce;dataset_vendas_fake.xlsx
V01373;2024-02-27;P005;C022;V06;3;2088.46;0.0;6265.38;0.0;6265.38;Vendedor Externo;dataset_vendas_fake.xlsx
V01374;2024-03-31;P006;C022;V01;2;946.87;0.0;1893.74;0.0;1893.74;Loja Física;dataset_vendas_fake.xlsx
V01375;2024-11-26;P012;C010;V02;2;1017.31;0.05;2034.62;101.73;1932.89;Vendedor Externo;dataset_vendas_fake.xlsx
V01376;2024-05-08;P011;C020;V06;2;1324.21;0.15;2648.42;397.26;2251.16;Loja Física;dataset_vendas_fake.xlsx
V01377;2024-02-23;P002;C030;V03;1;3501.09;0.0;3501.09;0.0;3501.09;E-commerce;dataset_vendas_fake.xlsx
V01378;2024-01-15;P016;C017;V04;1;711.19;0.0;711.19;0.0;711.19;Loja Física;dataset_vendas_fake.xlsx
V01379;2024-04-30;P015;C019;V05;1;263.69;0.05;263.69;13.18;250.51;Vendedor Externo;dataset_vendas_fake.xlsx
V01380;2024-04-11;P011;C008;V03;1;1319.66;0.0;1319.66;0.0;1319.66;Marketplace;dataset_vendas_fake.xlsx
V01381;2024-04-26;P004;C008;V08;1;233.48;0.0;233.48;0.0;233.48;E-commerce;dataset_vendas_fake.xlsx
V01382;2024-07-11;P008;C003;V07;2;1885.73;0.0;3771.46;0.0;3771.46;Vendedor Externo;dataset_vendas_fake.xlsx
V01383;2024-01-28;P014;C005;V01;1;104.3;0.05;104.3;5.22;99.08;Vendedor Externo;dataset_vendas_fake.xlsx
V01384;2024-04-01;P013;C012;V01;2;122.68;0.0;245.36;0.0;245.36;Vendedor Externo;dataset_vendas_fake.xlsx
V01385;2024-04-09;P012;C009;V01;2;893.63;0.0;1787.26;0.0;1787.26;Marketplace;dataset_vendas_fake.xlsx
V01386;2024-03-06;P002;C023;V05;1;4029.49;0.1;4029.49;402.95;3626.54;Marketplace;dataset_vendas_fake.xlsx
V01387;2024-03-10;P004;C028;V05;4;260.64;0.0;1042.56;0.0;1042.56;Vendedor Externo;dataset_vendas_fake.xlsx
V01388;2024-08-02;P006;C025;V08;1;1009.47;0.0;1009.47;0.0;1009.47;E-commerce;dataset_vendas_fake.xlsx
V01389;2024-05-31;P020;C006;V01;2;180.19;0.0;360.38;0.0;360.38;E-commerce;dataset_vendas_fake.xlsx
V01390;2024-02-14;P014;C028;V05;1;102.02;0.0;102.02;0.0;102.02;E-commerce;dataset_vendas_fake.xlsx
V01391;2024-10-29;P016;C027;V04;1;765.87;0.0;765.87;0.0;765.87;Marketplace;dataset_vendas_fake.xlsx
V01392;2024-01-08;P014;C024;V01;1;116.68;0.2;116.68;23.34;93.34;E-commerce;dataset_vendas_fake.xlsx
V01393;2024-06-16;P014;C019;V05;1;115.08;0.0;115.08;0.0;115.08;E-commerce;dataset_vendas_fake.xlsx
V01394;2024-10-20;P001;C014;V04;1;4451.03;0.0;4451.03;0.0;4451.03;Loja Física;dataset_vendas_fake.xlsx
V01395;2024-08-28;P017;C002;V06;2;516.93;0.0;1033.86;0.0;1033.86;Vendedor Externo;dataset_vendas_fake.xlsx
V01396;2024-09-02;P004;C015;V08;2;233.08;0.0;466.16;0.0;466.16;E-commerce;dataset_vendas_fake.xlsx
V01397;2024-02-12;P018;C025;V03;2;927.03;0.05;1854.06;92.7;1761.36;Vendedor Externo;dataset_vendas_fake.xlsx
V01398;2024-04-21;P005;C012;V06;3;2137.48;0.05;6412.44;320.62;6091.82;E-commerce;dataset_vendas_fake.xlsx
V01399;2024-11-27;P003;C001;V06;2;59.19;0.0;118.38;0.0;118.38;Marketplace;dataset_vendas_fake.xlsx
V01400;2024-03-23;P015;C028;V05;1;295.06;0.0;295.06;0.0;295.06;Vendedor Externo;dataset_vendas_fake.xlsx
V01401;2024-08-25;P005;C028;V05;2;1978.03;0.0;3956.06;0.0;3956.06;E-commerce;dataset_vendas_fake.xlsx
V01402;2024-07-08;P015;C023;V05;4;270.44;0.0;1081.76;0.0;1081.76;Loja Física;dataset_vendas_fake.xlsx
V01403;2024-07-16;P011;C017;V04;1;1281.14;0.0;1281.14;0.0;1281.14;Marketplace;dataset_vendas_fake.xlsx
V01404;2024-08-06;P009;C023;V05;1;321.73;0.0;321.73;0.0;321.73;Loja Física;dataset_vendas_fake.xlsx
V01405;2024-11-13;P011;C024;V01;1;1185.31;0.0;1185.31;0.0;1185.31;Marketplace;dataset_vendas_fake.xlsx
V01406;2024-01-27;P004;C013;V07;2;227.62;0.0;455.24;0.0;455.24;Vendedor Externo;dataset_vendas_fake.xlsx
V01407;2024-11-12;P002;C012;V06;2;3747.27;0.0;7494.54;0.0;7494.54;E-commerce;dataset_vendas_fake.xlsx
V01408;2024-11-27;P018;C023;V05;2;969.85;0.1;1939.7;193.97;1745.73;E-commerce;dataset_vendas_fake.xlsx
V01409;2024-03-11;P011;C008;V03;1;1339.96;0.0;1339.96;0.0;1339.96;Vendedor Externo;dataset_vendas_fake.xlsx
V01410;2024-10-24;P007;C025;V03;2;2685.01;0.0;5370.02;0.0;5370.02;Marketplace;dataset_vendas_fake.xlsx
V01411;2024-06-29;P009;C017;V04;2;361.19;0.0;722.38;0.0;722.38;Marketplace;dataset_vendas_fake.xlsx
V01412;2024-01-28;P003;C012;V06;3;56.58;0.0;169.74;0.0;169.74;Vendedor Externo;dataset_vendas_fake.xlsx
V01413;2024-09-05;P017;C017;V04;1;576.95;0.05;576.95;28.85;548.1;Vendedor Externo;dataset_vendas_fake.xlsx
V01414;2024-12-29;P018;C022;V06;1;921.62;0.0;921.62;0.0;921.62;Vendedor Externo;dataset_vendas_fake.xlsx
V01415;2024-11-13;P012;C026;V02;2;915.83;0.0;1831.66;0.0;1831.66;E-commerce;dataset_vendas_fake.xlsx
V01416;2024-08-22;P003;C003;V07;4;60.2;0.0;240.8;0.0;240.8;E-commerce;dataset_vendas_fake.xlsx
V01417;2024-05-27;P003;C004;V01;1;71.52;0.0;71.52;0.0;71.52;Marketplace;dataset_vendas_fake.xlsx
V01418;2024-02-27;P005;C016;V02;1;2053.14;0.0;2053.14;0.0;2053.14;E-commerce;dataset_vendas_fake.xlsx
V01419;2024-09-23;P001;C010;V07;1;4737.07;0.2;4737.07;947.41;3789.66;E-commerce;dataset_vendas_fake.xlsx
V01420;2024-08-30;P012;C014;V04;1;893.2;0.0;893.2;0.0;893.2;Loja Física;dataset_vendas_fake.xlsx
V01421;2024-05-29;P007;C003;V02;1;2962.38;0.0;2962.38;0.0;2962.38;E-commerce;dataset_vendas_fake.xlsx
V01422;2024-09-23;P011;C014;V04;1;1317.99;0.0;1317.99;0.0;1317.99;Marketplace;dataset_vendas_fake.xlsx
V01423;2024-09-05;P019;C022;V06;2;432.31;0.1;864.62;86.46;778.16;Vendedor Externo;dataset_vendas_fake.xlsx
V01424;2024-06-04;P019;C005;V06;4;502.2;0.15;2008.8;301.32;1707.48;E-commerce;dataset_vendas_fake.xlsx
V01425;2024-05-13;P008;C016;V07;1;1700.51;0.0;1700.51;0.0;1700.51;Marketplace;dataset_vendas_fake.xlsx
V01426;2024-01-25;P005;C012;V06;1;2085.77;0.0;2085.77;0.0;2085.77;Vendedor Externo;dataset_vendas_fake.xlsx
V01427;2024-03-26;P020;C030;V03;1;180.32;0.0;180.32;0.0;180.32;Marketplace;dataset_vendas_fake.xlsx
V01428;2024-04-03;P006;C027;V04;2;926.16;0.0;1852.32;0.0;1852.32;E-commerce;dataset_vendas_fake.xlsx
V01429;2024-05-01;P004;C002;V06;1;262.5;0.1;262.5;26.25;236.25;E-commerce;dataset_vendas_fake.xlsx
V01430;2024-08-13;P009;C012;V01;1;342.73;0.1;342.73;34.27;308.46;E-commerce;dataset_vendas_fake.xlsx
V01431;2024-10-14;P002;C022;V06;1;3577.69;0.0;3577.69;0.0;3577.69;Marketplace;dataset_vendas_fake.xlsx
V01432;2024-03-16;P012;C015;V03;3;902.66;0.0;2707.98;0.0;2707.98;Marketplace;dataset_vendas_fake.xlsx
V01433;2024-03-03;P001;C013;V07;1;4169.62;0.0;4169.62;0.0;4169.62;E-commerce;dataset_vendas_fake.xlsx
V01434;2024-08-22;P011;C005;V01;1;1137.61;0.15;1137.61;170.64;966.97;Marketplace;dataset_vendas_fake.xlsx
V01435;2024-11-27;P010;C016;V07;2;465.7;0.1;931.4;93.14;838.26;E-commerce;dataset_vendas_fake.xlsx
V01436;2024-10-16;P015;C011;V03;1;297.55;0.0;297.55;0.0;297.55;Vendedor Externo;dataset_vendas_fake.xlsx
V01437;2024-01-21;P005;C022;V01;2;2286.32;0.0;4572.64;0.0;4572.64;Marketplace;dataset_vendas_fake.xlsx
V01438;2024-01-13;P013;C020;V01;4;122.88;0.1;491.52;49.15;442.37;Vendedor Externo;dataset_vendas_fake.xlsx
V01439;2024-07-01;P003;C011;V03;5;59.04;0.05;295.2;14.76;280.44;E-commerce;dataset_vendas_fake.xlsx
V01440;2024-10-25;P017;C008;V08;1;528.92;0.0;528.92;0.0;528.92;E-commerce;dataset_vendas_fake.xlsx
V01441;2024-01-12;P003;C018;V05;1;70.99;0.0;70.99;0.0;70.99;Loja Física;dataset_vendas_fake.xlsx
V01442;2024-09-19;P013;C007;V06;1;145.67;0.15;145.67;21.85;123.82;Marketplace;dataset_vendas_fake.xlsx
V01443;2024-11-04;P020;C017;V04;1;207.2;0.0;207.2;0.0;207.2;Marketplace;dataset_vendas_fake.xlsx
V01444;2024-07-22;P005;C023;V05;2;2022.18;0.0;4044.36;0.0;4044.36;Marketplace;dataset_vendas_fake.xlsx
V01445;2024-07-16;P012;C001;V06;1;959.0;0.0;959.0;0.0;959.0;Marketplace;dataset_vendas_fake.xlsx
V01446;2024-06-28;P010;C015;V03;1;467.14;0.15;467.14;70.07;397.07;E-commerce;dataset_vendas_fake.xlsx
V01447;2024-08-15;P014;C026;V07;1;99.43;0.0;99.43;0.0;99.43;Marketplace;dataset_vendas_fake.xlsx
V01448;2024-03-24;P014;C024;V06;1;115.29;0.1;115.29;11.53;103.76;E-commerce;dataset_vendas_fake.xlsx
V01449;2024-10-27;P020;C003;V02;1;178.57;0.05;178.57;8.93;169.64;E-commerce;dataset_vendas_fake.xlsx
V01450;2024-06-04;P016;C028;V05;1;738.76;0.0;738.76;0.0;738.76;Loja Física;dataset_vendas_fake.xlsx
V01451;2024-10-29;P013;C003;V02;2;138.65;0.0;277.3;0.0;277.3;Vendedor Externo;dataset_vendas_fake.xlsx
V01452;2024-11-23;P009;C014;V04;4;359.85;0.0;1439.4;0.0;1439.4;Vendedor Externo;dataset_vendas_fake.xlsx
V01453;2024-12-29;P019;C025;V03;1;499.45;0.0;499.45;0.0;499.45;E-commerce;dataset_vendas_fake.xlsx
V01454;2024-04-05;P013;C010;V07;1;120.73;0.0;120.73;0.0;120.73;Loja Física;dataset_vendas_fake.xlsx
V01455;2024-06-03;P019;C010;V07;2;487.28;0.0;974.56;0.0;974.56;Vendedor Externo;dataset_vendas_fake.xlsx
V01456;2024-04-24;P001;C026;V02;2;4089.72;0.0;8179.44;0.0;8179.44;E-commerce;dataset_vendas_fake.xlsx
V01457;2024-05-14;P010;C021;V07;1;420.66;0.0;420.66;0.0;420.66;Loja Física;dataset_vendas_fake.xlsx
V01458;2024-11-30;P010;C014;V04;1;405.73;0.0;405.73;0.0;405.73;Vendedor Externo;dataset_vendas_fake.xlsx
V01459;2024-12-18;P008;C001;V01;1;1702.98;0.0;1702.98;0.0;1702.98;Marketplace;dataset_vendas_fake.xlsx
V01460;2024-09-09;P003;C020;V06;2;58.54;0.0;117.08;0.0;117.08;Vendedor Externo;dataset_vendas_fake.xlsx
V01461;2024-10-16;P014;C028;V05;1;95.62;0.0;95.62;0.0;95.62;Vendedor Externo;dataset_vendas_fake.xlsx
V01462;2024-12-21;P004;C012;V01;1;280.32;0.0;280.32;0.0;280.32;Marketplace;dataset_vendas_fake.xlsx
V01463;2024-03-24;P019;C002;V01;4;430.79;0.0;1723.16;0.0;1723.16;Marketplace;dataset_vendas_fake.xlsx
V01464;2024-08-24;P005;C012;V01;1;1972.27;0.0;1972.27;0.0;1972.27;Loja Física;dataset_vendas_fake.xlsx
V01465;2024-05-19;P012;C014;V04;2;822.87;0.15;1645.74;246.86;1398.88;Loja Física;dataset_vendas_fake.xlsx
V01466;2024-05-28;P010;C017;V04;2;433.22;0.0;866.44;0.0;866.44;E-commerce;dataset_vendas_fake.xlsx
V01467;2024-11-17;P006;C025;V03;1;906.1;0.0;906.1;0.0;906.1;E-commerce;dataset_vendas_fake.xlsx
V01468;2024-10-05;P011;C028;V05;1;1189.08;0.0;1189.08;0.0;1189.08;Marketplace;dataset_vendas_fake.xlsx
V01469;2024-05-18;P012;C004;V06;5;968.18;0.15;4840.9;726.13;4114.77;E-commerce;dataset_vendas_fake.xlsx
V01470;2024-01-07;P005;C017;V04;1;2075.62;0.0;2075.62;0.0;2075.62;Marketplace;dataset_vendas_fake.xlsx
V01471;2024-09-05;P014;C011;V03;1;93.86;0.0;93.86;0.0;93.86;Loja Física;dataset_vendas_fake.xlsx
V01472;2024-04-21;P005;C017;V04;2;2090.66;0.0;4181.32;0.0;4181.32;E-commerce;dataset_vendas_fake.xlsx
V01473;2024-10-13;P020;C023;V05;1;163.59;0.0;163.59;0.0;163.59;Vendedor Externo;dataset_vendas_fake.xlsx
V01474;2024-08-23;P003;C004;V01;1;57.8;0.15;57.8;8.67;49.13;Loja Física;dataset_vendas_fake.xlsx
V01475;2024-09-02;P012;C010;V07;1;978.27;0.0;978.27;0.0;978.27;E-commerce;dataset_vendas_fake.xlsx
V01476;2024-08-14;P020;C017;V04;1;173.28;0.0;173.28;0.0;173.28;E-commerce;dataset_vendas_fake.xlsx
V01477;2024-12-29;P010;C001;V01;1;489.32;0.0;489.32;0.0;489.32;E-commerce;dataset_vendas_fake.xlsx
V01478;2024-03-06;P005;C023;V05;1;2124.42;0.15;2124.42;318.66;1805.76;Marketplace;dataset_vendas_fake.xlsx
V01479;2024-03-05;P007;C005;V01;1;2561.6;0.0;2561.6;0.0;2561.6;Vendedor Externo;dataset_vendas_fake.xlsx
V01480;2024-12-19;P004;C003;V02;2;287.53;0.0;575.06;0.0;575.06;Vendedor Externo;dataset_vendas_fake.xlsx
V01481;2024-08-08;P002;C007;V01;3;4314.01;0.0;12942.03;0.0;12942.03;Loja Física;dataset_vendas_fake.xlsx
V01482;2024-12-03;P017;C019;V05;1;529.49;0.2;529.49;105.9;423.59;Vendedor Externo;dataset_vendas_fake.xlsx
V01483;2024-03-01;P009;C002;V01;1;382.43;0.0;382.43;0.0;382.43;Marketplace;dataset_vendas_fake.xlsx
V01484;2024-12-07;P001;C025;V03;2;4470.41;0.0;8940.82;0.0;8940.82;Loja Física;dataset_vendas_fake.xlsx
V01485;2024-11-04;P007;C019;V05;2;2909.77;0.1;5819.54;581.95;5237.59;E-commerce;dataset_vendas_fake.xlsx
V01486;2024-12-09;P012;C001;V01;1;969.94;0.0;969.94;0.0;969.94;E-commerce;dataset_vendas_fake.xlsx
V01487;2024-05-22;P019;C012;V06;1;490.28;0.0;490.28;0.0;490.28;E-commerce;dataset_vendas_fake.xlsx
V01488;2024-09-13;P020;C008;V03;1;207.84;0.0;207.84;0.0;207.84;Loja Física;dataset_vendas_fake.xlsx
V01489;2024-10-23;P001;C017;V04;2;4443.52;0.0;8887.04;0.0;8887.04;E-commerce;dataset_vendas_fake.xlsx
V01490;2024-05-24;P006;C029;V01;1;1107.57;0.1;1107.57;110.76;996.81;Loja Física;dataset_vendas_fake.xlsx
V01491;2024-04-19;P017;C028;V05;3;606.87;0.0;1820.61;0.0;1820.61;Marketplace;dataset_vendas_fake.xlsx
V01492;2024-12-23;P019;C006;V06;1;504.64;0.0;504.64;0.0;504.64;Loja Física;dataset_vendas_fake.xlsx
V01493;2024-04-02;P012;C013;V07;1;893.9;0.0;893.9;0.0;893.9;E-commerce;dataset_vendas_fake.xlsx
V01494;2024-09-20;P008;C014;V04;1;1567.81;0.0;1567.81;0.0;1567.81;Marketplace;dataset_vendas_fake.xlsx
V01495;2024-03-04;P015;C004;V01;1;304.42;0.0;304.42;0.0;304.42;Vendedor Externo;dataset_vendas_fake.xlsx
V01496;2024-07-03;P010;C018;V05;2;402.82;0.0;805.64;0.0;805.64;Loja Física;dataset_vendas_fake.xlsx
V01497;2024-06-16;P016;C004;V06;2;694.73;0.0;1389.46;0.0;1389.46;Marketplace;dataset_vendas_fake.xlsx
V01498;2024-08-21;P020;C024;V06;2;188.32;0.05;376.64;18.83;357.81;Vendedor Externo;dataset_vendas_fake.xlsx
V01499;2024-04-25;P018;C014;V04;2;907.39;0.0;1814.78;0.0;1814.78;Vendedor Externo;dataset_vendas_fake.xlsx
V01500;2024-04-06;P003;C029;V06;1;60.37;0.0;60.37;0.0;60.37;Marketplace;dataset_vendas_fake.xlsx
V01501;2024-04-01;P001;C022;V06;1;4575.35;0.0;4575.35;0.0;4575.35;Loja Física;dataset_vendas_fake.xlsx
V01502;2024-07-21;P015;C017;V04;1;298.97;0.0;298.97;0.0;298.97;Loja Física;dataset_vendas_fake.xlsx
V01503;2024-03-14;P013;C013;V02;2;119.55;0.0;239.1;0.0;239.1;E-commerce;dataset_vendas_fake.xlsx
V01504;2024-02-03;P012;C007;V06;4;852.18;0.0;3408.72;0.0;3408.72;E-commerce;dataset_vendas_fake.xlsx
V01505;2024-10-31;P013;C004;V01;1;139.55;0.0;139.55;0.0;139.55;Vendedor Externo;dataset_vendas_fake.xlsx
V01506;2024-09-12;P009;C025;V08;1;358.12;0.1;358.12;35.81;322.31;Vendedor Externo;dataset_vendas_fake.xlsx
V01507;2024-07-01;P016;C022;V06;1;603.79;0.1;603.79;60.38;543.41;Vendedor Externo;dataset_vendas_fake.xlsx
V01508;2024-09-18;P009;C005;V06;1;390.43;0.0;390.43;0.0;390.43;Loja Física;dataset_vendas_fake.xlsx
V01509;2024-03-03;P009;C016;V07;2;350.1;0.05;700.2;35.01;665.19;E-commerce;dataset_vendas_fake.xlsx
V01510;2024-11-17;P005;C001;V01;3;2175.36;0.0;6526.08;0.0;6526.08;Loja Física;dataset_vendas_fake.xlsx
V01511;2024-02-04;P016;C022;V01;1;633.37;0.0;633.37;0.0;633.37;E-commerce;dataset_vendas_fake.xlsx
V01512;2024-07-14;P020;C022;V06;1;187.76;0.0;187.76;0.0;187.76;E-commerce;dataset_vendas_fake.xlsx
V01513;2024-06-04;P020;C020;V01;1;190.5;0.0;190.5;0.0;190.5;Loja Física;dataset_vendas_fake.xlsx
V01514;2024-12-04;P017;C025;V08;1;497.85;0.0;497.85;0.0;497.85;Vendedor Externo;dataset_vendas_fake.xlsx
V01515;2024-04-13;P010;C022;V06;1;431.73;0.0;431.73;0.0;431.73;Vendedor Externo;dataset_vendas_fake.xlsx
V01516;2024-09-15;P009;C018;V05;2;313.71;0.0;627.42;0.0;627.42;Loja Física;dataset_vendas_fake.xlsx
V01517;2024-01-17;P014;C029;V01;2;114.71;0.15;229.42;34.41;195.01;Vendedor Externo;dataset_vendas_fake.xlsx
V01518;2024-08-18;P011;C028;V05;1;1160.4;0.1;1160.4;116.04;1044.36;Vendedor Externo;dataset_vendas_fake.xlsx
V01519;2024-08-23;P002;C002;V01;1;4053.3;0.0;4053.3;0.0;4053.3;Marketplace;dataset_vendas_fake.xlsx
V01520;2024-12-27;P006;C016;V07;2;1103.28;0.2;2206.56;441.31;1765.25;E-commerce;dataset_vendas_fake.xlsx
V01521;2024-06-08;P013;C016;V02;2;128.3;0.1;256.6;25.66;230.94;Vendedor Externo;dataset_vendas_fake.xlsx
V01522;2024-12-03;P018;C022;V06;1;825.14;0.1;825.14;82.51;742.63;Vendedor Externo;dataset_vendas_fake.xlsx
V01523;2024-10-14;P006;C017;V04;1;929.06;0.0;929.06;0.0;929.06;Vendedor Externo;dataset_vendas_fake.xlsx
V01524;2024-05-14;P016;C019;V05;3;684.01;0.0;2052.03;0.0;2052.03;Marketplace;dataset_vendas_fake.xlsx
V01525;2024-05-25;P011;C002;V01;1;1348.63;0.05;1348.63;67.43;1281.2;Loja Física;dataset_vendas_fake.xlsx
V01526;2024-03-06;P012;C012;V01;1;905.93;0.0;905.93;0.0;905.93;Marketplace;dataset_vendas_fake.xlsx
V01527;2024-07-13;P004;C014;V04;5;265.67;0.15;1328.35;199.25;1129.1;Marketplace;dataset_vendas_fake.xlsx
V01528;2024-07-29;P012;C002;V01;1;990.38;0.05;990.38;49.52;940.86;E-commerce;dataset_vendas_fake.xlsx
V01529;2024-04-30;P010;C019;V05;2;508.15;0.0;1016.3;0.0;1016.3;Loja Física;dataset_vendas_fake.xlsx
V01530;2024-06-05;P004;C011;V03;1;267.32;0.05;267.32;13.37;253.95;Loja Física;dataset_vendas_fake.xlsx
V01531;2024-10-02;P011;C002;V06;1;1176.92;0.0;1176.92;0.0;1176.92;Vendedor Externo;dataset_vendas_fake.xlsx
V01532;2024-10-17;P017;C029;V06;1;531.85;0.0;531.85;0.0;531.85;Marketplace;dataset_vendas_fake.xlsx
V01533;2024-01-11;P016;C019;V05;2;639.01;0.0;1278.02;0.0;1278.02;Marketplace;dataset_vendas_fake.xlsx
V01534;2024-07-12;P019;C013;V07;1;448.64;0.05;448.64;22.43;426.21;Loja Física;dataset_vendas_fake.xlsx
V01535;2024-09-07;P004;C023;V05;3;248.32;0.05;744.96;37.25;707.71;Marketplace;dataset_vendas_fake.xlsx
V01536;2024-09-11;P017;C026;V07;3;587.53;0.0;1762.59;0.0;1762.59;E-commerce;dataset_vendas_fake.xlsx
V01537;2024-11-10;P010;C012;V06;4;442.19;0.0;1768.76;0.0;1768.76;E-commerce;dataset_vendas_fake.xlsx
V01538;2024-09-11;P003;C027;V04;1;63.91;0.0;63.91;0.0;63.91;Marketplace;dataset_vendas_fake.xlsx
V01539;2024-05-15;P002;C010;V07;1;3810.6;0.1;3810.6;381.06;3429.54;E-commerce;dataset_vendas_fake.xlsx
V01540;2024-11-15;P003;C023;V05;3;61.01;0.1;183.03;18.3;164.73;Marketplace;dataset_vendas_fake.xlsx
V01541;2024-05-19;P003;C019;V05;3;68.29;0.0;204.87;0.0;204.87;Vendedor Externo;dataset_vendas_fake.xlsx
V01542;2024-04-17;P012;C026;V02;2;1027.49;0.0;2054.98;0.0;2054.98;Marketplace;dataset_vendas_fake.xlsx
V01543;2024-09-15;P010;C014;V04;1;456.06;0.0;456.06;0.0;456.06;E-commerce;dataset_vendas_fake.xlsx
V01544;2024-07-31;P013;C009;V06;1;122.74;0.0;122.74;0.0;122.74;E-commerce;dataset_vendas_fake.xlsx
V01545;2024-01-10;P017;C028;V05;2;589.57;0.0;1179.14;0.0;1179.14;Vendedor Externo;dataset_vendas_fake.xlsx
V01546;2024-04-19;P015;C009;V06;4;286.67;0.0;1146.68;0.0;1146.68;Loja Física;dataset_vendas_fake.xlsx
V01547;2024-09-24;P007;C012;V06;2;2914.94;0.15;5829.88;874.48;4955.4;E-commerce;dataset_vendas_fake.xlsx
V01548;2024-05-03;P005;C024;V06;1;2325.72;0.0;2325.72;0.0;2325.72;Vendedor Externo;dataset_vendas_fake.xlsx
V01549;2024-07-29;P011;C028;V05;2;1343.63;0.0;2687.26;0.0;2687.26;E-commerce;dataset_vendas_fake.xlsx
V01550;2024-07-30;P009;C027;V04;1;388.89;0.0;388.89;0.0;388.89;E-commerce;dataset_vendas_fake.xlsx
V01551;2024-05-11;P020;C008;V08;1;195.14;0.0;195.14;0.0;195.14;E-commerce;dataset_vendas_fake.xlsx
V01552;2024-02-28;P005;C007;V01;2;2076.28;0.0;4152.56;0.0;4152.56;E-commerce;dataset_vendas_fake.xlsx
V01553;2024-06-07;P015;C016;V07;2;302.84;0.0;605.68;0.0;605.68;Vendedor Externo;dataset_vendas_fake.xlsx
V01554;2024-11-27;P002;C007;V01;2;4000.89;0.0;8001.78;0.0;8001.78;Marketplace;dataset_vendas_fake.xlsx
V01555;2024-03-10;P001;C009;V06;1;4928.15;0.1;4928.15;492.82;4435.33;E-commerce;dataset_vendas_fake.xlsx
V01556;2024-11-25;P002;C024;V06;2;3603.29;0.1;7206.58;720.66;6485.92;Loja Física;dataset_vendas_fake.xlsx
V01557;2024-01-29;P003;C011;V08;2;67.23;0.0;134.46;0.0;134.46;Loja Física;dataset_vendas_fake.xlsx
V01558;2024-07-27;P012;C022;V01;3;977.52;0.0;2932.56;0.0;2932.56;Vendedor Externo;dataset_vendas_fake.xlsx
V01559;2024-03-12;P008;C004;V01;1;1872.28;0.0;1872.28;0.0;1872.28;Marketplace;dataset_vendas_fake.xlsx
V01560;2024-09-11;P003;C008;V03;4;66.95;0.0;267.8;0.0;267.8;Marketplace;dataset_vendas_fake.xlsx
V01561;2024-06-17;P019;C024;V06;1;454.61;0.15;454.61;68.19;386.42;E-commerce;dataset_vendas_fake.xlsx
V01562;2024-08-04;P007;C005;V01;1;2890.71;0.0;2890.71;0.0;2890.71;E-commerce;dataset_vendas_fake.xlsx
V01563;2024-04-19;P009;C015;V08;1;313.44;0.0;313.44;0.0;313.44;Marketplace;dataset_vendas_fake.xlsx
V01564;2024-10-28;P002;C016;V07;5;3861.75;0.0;19308.75;0.0;19308.75;Loja Física;dataset_vendas_fake.xlsx
V01565;2024-06-11;P018;C014;V04;1;887.96;0.0;887.96;0.0;887.96;E-commerce;dataset_vendas_fake.xlsx
V01566;2024-05-22;P005;C012;V06;3;2140.4;0.0;6421.2;0.0;6421.2;Marketplace;dataset_vendas_fake.xlsx
V01567;2024-06-06;P001;C021;V02;1;5100.67;0.0;5100.67;0.0;5100.67;Loja Física;dataset_vendas_fake.xlsx
V01568;2024-12-19;P008;C009;V06;1;1778.52;0.0;1778.52;0.0;1778.52;Marketplace;dataset_vendas_fake.xlsx
V01569;2024-11-23;P012;C029;V01;1;908.55;0.05;908.55;45.43;863.12;E-commerce;dataset_vendas_fake.xlsx
V01570;2024-08-14;P013;C001;V06;1;146.02;0.0;146.02;0.0;146.02;Marketplace;dataset_vendas_fake.xlsx
V01571;2024-06-03;P003;C030;V03;1;63.46;0.0;63.46;0.0;63.46;Marketplace;dataset_vendas_fake.xlsx
V01572;2024-04-17;P006;C030;V08;2;1000.65;0.0;2001.3;0.0;2001.3;Marketplace;dataset_vendas_fake.xlsx
V01573;2024-11-25;P014;C026;V02;1;119.89;0.0;119.89;0.0;119.89;Marketplace;dataset_vendas_fake.xlsx
V01574;2024-02-11;P016;C016;V07;3;657.96;0.0;1973.88;0.0;1973.88;Marketplace;dataset_vendas_fake.xlsx
V01575;2024-08-04;P004;C027;V04;1;251.38;0.0;251.38;0.0;251.38;Marketplace;dataset_vendas_fake.xlsx
V01576;2024-09-16;P003;C012;V06;1;70.66;0.1;70.66;7.07;63.59;Marketplace;dataset_vendas_fake.xlsx
V01577;2024-08-20;P001;C025;V03;2;4187.95;0.0;8375.9;0.0;8375.9;E-commerce;dataset_vendas_fake.xlsx
V01578;2024-11-18;P015;C026;V02;1;315.72;0.15;315.72;47.36;268.36;Loja Física;dataset_vendas_fake.xlsx
V01579;2024-07-24;P007;C021;V07;1;2454.23;0.0;2454.23;0.0;2454.23;Marketplace;dataset_vendas_fake.xlsx
V01580;2024-10-21;P003;C004;V01;1;62.15;0.0;62.15;0.0;62.15;E-commerce;dataset_vendas_fake.xlsx
V01581;2024-09-21;P005;C028;V05;2;1933.07;0.0;3866.14;0.0;3866.14;Marketplace;dataset_vendas_fake.xlsx
V01582;2024-08-19;P016;C028;V05;5;639.1;0.0;3195.5;0.0;3195.5;Marketplace;dataset_vendas_fake.xlsx
V01583;2024-03-29;P019;C027;V04;1;429.64;0.0;429.64;0.0;429.64;Marketplace;dataset_vendas_fake.xlsx
V01584;2024-04-11;P003;C014;V04;2;61.62;0.0;123.24;0.0;123.24;E-commerce;dataset_vendas_fake.xlsx
V01585;2024-07-20;P013;C027;V04;2;135.67;0.1;271.34;27.13;244.21;Loja Física;dataset_vendas_fake.xlsx
V01586;2024-01-12;P018;C021;V02;3;777.15;0.05;2331.45;116.57;2214.88;Loja Física;dataset_vendas_fake.xlsx
V01587;2024-08-24;P007;C009;V01;1;3032.58;0.0;3032.58;0.0;3032.58;Loja Física;dataset_vendas_fake.xlsx
V01588;2024-07-24;P020;C014;V04;5;196.83;0.0;984.15;0.0;984.15;E-commerce;dataset_vendas_fake.xlsx
V01589;2024-02-15;P012;C006;V01;1;1038.21;0.1;1038.21;103.82;934.39;Loja Física;dataset_vendas_fake.xlsx
V01590;2024-09-26;P014;C025;V08;1;112.29;0.0;112.29;0.0;112.29;Vendedor Externo;dataset_vendas_fake.xlsx
V01591;2024-03-01;P008;C023;V05;1;1669.46;0.0;1669.46;0.0;1669.46;E-commerce;dataset_vendas_fake.xlsx
V01592;2024-05-16;P010;C024;V06;2;437.78;0.1;875.56;87.56;788.0;Vendedor Externo;dataset_vendas_fake.xlsx
V01593;2024-03-07;P014;C028;V05;1;101.83;0.0;101.83;0.0;101.83;E-commerce;dataset_vendas_fake.xlsx
V01594;2024-05-24;P007;C014;V04;1;2420.34;0.0;2420.34;0.0;2420.34;Vendedor Externo;dataset_vendas_fake.xlsx
V01595;2024-03-15;P001;C010;V07;1;4326.32;0.0;4326.32;0.0;4326.32;E-commerce;dataset_vendas_fake.xlsx
V01596;2024-11-12;P015;C030;V03;1;326.88;0.15;326.88;49.03;277.85;Marketplace;dataset_vendas_fake.xlsx
V01597;2024-10-25;P015;C003;V02;1;286.77;0.0;286.77;0.0;286.77;Vendedor Externo;dataset_vendas_fake.xlsx
V01598;2024-03-09;P011;C023;V05;4;1131.26;0.0;4525.04;0.0;4525.04;E-commerce;dataset_vendas_fake.xlsx
V01599;2024-12-31;P013;C023;V05;1;129.4;0.0;129.4;0.0;129.4;Marketplace;dataset_vendas_fake.xlsx
V01600;2024-02-07;P004;C018;V05;2;232.72;0.0;465.44;0.0;465.44;Loja Física;dataset_vendas_fake.xlsx
V01601;2024-06-19;P008;C016;V07;1;1529.62;0.15;1529.62;229.44;1300.18;Loja Física;dataset_vendas_fake.xlsx
V01602;2024-01-03;P009;C017;V04;1;384.36;0.0;384.36;0.0;384.36;Marketplace;dataset_vendas_fake.xlsx
V01603;2024-07-21;P012;C005;V01;1;1029.86;0.0;1029.86;0.0;1029.86;E-commerce;dataset_vendas_fake.xlsx
V01604;2024-05-13;P006;C017;V04;3;916.36;0.1;2749.08;274.91;2474.17;Marketplace;dataset_vendas_fake.xlsx
V01605;2024-08-27;P005;C003;V07;1;2143.68;0.05;2143.68;107.18;2036.5;Vendedor Externo;dataset_vendas_fake.xlsx
V01606;2024-03-13;P009;C004;V06;4;392.06;0.1;1568.24;156.82;1411.42;Loja Física;dataset_vendas_fake.xlsx
V01607;2024-03-06;P016;C028;V05;3;633.47;0.0;1900.41;0.0;1900.41;Marketplace;dataset_vendas_fake.xlsx
V01608;2024-08-08;P010;C029;V06;1;442.23;0.0;442.23;0.0;442.23;Marketplace;dataset_vendas_fake.xlsx
V01609;2024-09-21;P011;C014;V04;1;1162.3;0.0;1162.3;0.0;1162.3;Marketplace;dataset_vendas_fake.xlsx
V01610;2024-09-08;P005;C018;V05;1;2037.91;0.0;2037.91;0.0;2037.91;Loja Física;dataset_vendas_fake.xlsx
V01611;2024-04-06;P005;C002;V01;2;2263.22;0.0;4526.44;0.0;4526.44;E-commerce;dataset_vendas_fake.xlsx
V01612;2024-01-19;P016;C009;V01;1;691.9;0.0;691.9;0.0;691.9;Vendedor Externo;dataset_vendas_fake.xlsx
V01613;2024-08-11;P004;C029;V06;1;251.05;0.0;251.05;0.0;251.05;Loja Física;dataset_vendas_fake.xlsx
V01614;2024-08-14;P012;C023;V05;1;1029.91;0.15;1029.91;154.49;875.42;Vendedor Externo;dataset_vendas_fake.xlsx
V01615;2024-09-09;P004;C028;V05;1;227.72;0.0;227.72;0.0;227.72;Loja Física;dataset_vendas_fake.xlsx
V01616;2024-06-27;P003;C007;V06;1;71.18;0.0;71.18;0.0;71.18;E-commerce;dataset_vendas_fake.xlsx
V01617;2024-03-27;P017;C027;V04;2;489.45;0.2;978.9;195.78;783.12;E-commerce;dataset_vendas_fake.xlsx
V01618;2024-10-25;P001;C017;V04;1;4868.26;0.0;4868.26;0.0;4868.26;Vendedor Externo;dataset_vendas_fake.xlsx
V01619;2024-02-09;P008;C025;V08;2;1580.65;0.0;3161.3;0.0;3161.3;Loja Física;dataset_vendas_fake.xlsx
V01620;2024-06-17;P001;C010;V02;4;5027.76;0.1;20111.04;2011.1;18099.94;Vendedor Externo;dataset_vendas_fake.xlsx
V01621;2024-07-10;P019;C030;V03;2;521.18;0.0;1042.36;0.0;1042.36;Marketplace;dataset_vendas_fake.xlsx
V01622;2024-03-19;P001;C003;V07;1;4351.35;0.0;4351.35;0.0;4351.35;Vendedor Externo;dataset_vendas_fake.xlsx
V01623;2024-08-20;P009;C020;V01;1;325.49;0.0;325.49;0.0;325.49;Marketplace;dataset_vendas_fake.xlsx
V01624;2024-01-23;P020;C015;V08;2;179.89;0.0;359.78;0.0;359.78;E-commerce;dataset_vendas_fake.xlsx
V01625;2024-04-18;P002;C026;V07;1;3732.73;0.0;3732.73;0.0;3732.73;Marketplace;dataset_vendas_fake.xlsx
V01626;2024-01-29;P003;C018;V05;2;65.71;0.0;131.42;0.0;131.42;Loja Física;dataset_vendas_fake.xlsx
V01627;2024-07-23;P009;C006;V01;1;384.6;0.0;384.6;0.0;384.6;Vendedor Externo;dataset_vendas_fake.xlsx
V01628;2024-02-15;P001;C028;V05;1;4897.05;0.0;4897.05;0.0;4897.05;E-commerce;dataset_vendas_fake.xlsx
V01629;2024-07-17;P013;C010;V02;1;148.13;0.0;148.13;0.0;148.13;Loja Física;dataset_vendas_fake.xlsx
V01630;2024-06-01;P016;C026;V07;2;604.26;0.0;1208.52;0.0;1208.52;Marketplace;dataset_vendas_fake.xlsx
V01631;2024-12-16;P020;C005;V06;1;165.04;0.0;165.04;0.0;165.04;Loja Física;dataset_vendas_fake.xlsx
V01632;2024-07-07;P017;C007;V06;1;526.45;0.0;526.45;0.0;526.45;Vendedor Externo;dataset_vendas_fake.xlsx
V01633;2024-07-17;P016;C009;V06;1;650.06;0.0;650.06;0.0;650.06;Loja Física;dataset_vendas_fake.xlsx
V01634;2024-08-04;P012;C020;V01;3;813.88;0.0;2441.64;0.0;2441.64;Vendedor Externo;dataset_vendas_fake.xlsx
V01635;2024-11-18;P014;C003;V02;1;101.83;0.15;101.83;15.27;86.56;Marketplace;dataset_vendas_fake.xlsx
V01636;2024-08-25;P008;C021;V02;1;1905.65;0.0;1905.65;0.0;1905.65;Vendedor Externo;dataset_vendas_fake.xlsx
V01637;2024-09-26;P017;C003;V07;2;547.71;0.1;1095.42;109.54;985.88;Vendedor Externo;dataset_vendas_fake.xlsx
V01638;2024-08-11;P003;C030;V08;1;64.67;0.0;64.67;0.0;64.67;Marketplace;dataset_vendas_fake.xlsx
V01639;2024-03-17;P005;C022;V06;1;2356.16;0.0;2356.16;0.0;2356.16;E-commerce;dataset_vendas_fake.xlsx
V01640;2024-09-24;P014;C010;V02;1;113.7;0.0;113.7;0.0;113.7;Loja Física;dataset_vendas_fake.xlsx
V01641;2024-01-24;P017;C004;V06;4;573.14;0.0;2292.56;0.0;2292.56;Vendedor Externo;dataset_vendas_fake.xlsx
V01642;2024-02-18;P015;C022;V06;3;266.15;0.0;798.45;0.0;798.45;Marketplace;dataset_vendas_fake.xlsx
V01643;2024-05-10;P019;C003;V02;1;452.01;0.05;452.01;22.6;429.41;Loja Física;dataset_vendas_fake.xlsx
V01644;2024-12-04;P015;C006;V01;3;293.65;0.0;880.95;0.0;880.95;Vendedor Externo;dataset_vendas_fake.xlsx
V01645;2024-01-24;P003;C014;V04;4;63.26;0.0;253.04;0.0;253.04;Marketplace;dataset_vendas_fake.xlsx
V01646;2024-10-27;P015;C025;V08;1;329.35;0.0;329.35;0.0;329.35;Marketplace;dataset_vendas_fake.xlsx
V01647;2024-06-23;P006;C007;V01;2;1073.89;0.0;2147.78;0.0;2147.78;Loja Física;dataset_vendas_fake.xlsx
V01648;2024-11-05;P009;C028;V05;1;386.74;0.0;386.74;0.0;386.74;Vendedor Externo;dataset_vendas_fake.xlsx
V01649;2024-09-30;P001;C001;V06;2;5053.91;0.0;10107.82;0.0;10107.82;Loja Física;dataset_vendas_fake.xlsx
V01650;2024-01-07;P006;C021;V07;2;1072.25;0.1;2144.5;214.45;1930.05;Vendedor Externo;dataset_vendas_fake.xlsx
V01651;2024-12-20;P013;C028;V05;1;120.45;0.0;120.45;0.0;120.45;Marketplace;dataset_vendas_fake.xlsx
V01652;2024-11-12;P020;C012;V06;2;182.99;0.05;365.98;18.3;347.68;Marketplace;dataset_vendas_fake.xlsx
V01653;2024-02-14;P005;C005;V01;1;2208.24;0.0;2208.24;0.0;2208.24;E-commerce;dataset_vendas_fake.xlsx
V01654;2024-02-27;P001;C023;V05;2;4611.18;0.0;9222.36;0.0;9222.36;Loja Física;dataset_vendas_fake.xlsx
V01655;2024-04-17;P016;C021;V02;1;725.77;0.0;725.77;0.0;725.77;E-commerce;dataset_vendas_fake.xlsx
V01656;2024-08-11;P018;C007;V01;1;984.9;0.05;984.9;49.24;935.66;Marketplace;dataset_vendas_fake.xlsx
V01657;2024-08-25;P005;C016;V07;4;2099.23;0.0;8396.92;0.0;8396.92;Loja Física;dataset_vendas_fake.xlsx
V01658;2024-02-29;P006;C029;V01;3;1003.64;0.05;3010.92;150.55;2860.37;Vendedor Externo;dataset_vendas_fake.xlsx
V01659;2024-09-05;P016;C001;V06;1;675.05;0.0;675.05;0.0;675.05;E-commerce;dataset_vendas_fake.xlsx
V01660;2024-04-13;P010;C019;V05;1;400.11;0.0;400.11;0.0;400.11;Loja Física;dataset_vendas_fake.xlsx
V01661;2024-06-19;P001;C004;V06;5;4271.44;0.0;21357.2;0.0;21357.2;Vendedor Externo;dataset_vendas_fake.xlsx
V01662;2024-09-10;P019;C020;V06;2;490.53;0.0;981.06;0.0;981.06;Loja Física;dataset_vendas_fake.xlsx
V01663;2024-09-06;P013;C016;V07;2;138.71;0.05;277.42;13.87;263.55;E-commerce;dataset_vendas_fake.xlsx
V01664;2024-12-31;P002;C017;V04;2;4455.9;0.0;8911.8;0.0;8911.8;Vendedor Externo;dataset_vendas_fake.xlsx
V01665;2024-10-22;P011;C018;V05;1;1314.5;0.0;1314.5;0.0;1314.5;Marketplace;dataset_vendas_fake.xlsx
V01666;2024-11-27;P014;C029;V06;3;96.88;0.0;290.64;0.0;290.64;Loja Física;dataset_vendas_fake.xlsx
V01667;2024-09-10;P020;C021;V07;2;189.68;0.0;379.36;0.0;379.36;Vendedor Externo;dataset_vendas_fake.xlsx
V01668;2024-12-23;P014;C001;V01;1;116.18;0.0;116.18;0.0;116.18;Marketplace;dataset_vendas_fake.xlsx
V01669;2024-04-08;P016;C012;V06;3;614.81;0.05;1844.43;92.22;1752.21;E-commerce;dataset_vendas_fake.xlsx
V01670;2024-09-16;P008;C019;V05;2;1576.36;0.0;3152.72;0.0;3152.72;Vendedor Externo;dataset_vendas_fake.xlsx
V01671;2024-03-08;P010;C024;V06;1;479.14;0.0;479.14;0.0;479.14;Vendedor Externo;dataset_vendas_fake.xlsx
V01672;2024-12-10;P012;C026;V07;2;857.2;0.0;1714.4;0.0;1714.4;E-commerce;dataset_vendas_fake.xlsx
V01673;2024-11-14;P007;C010;V02;1;2589.17;0.0;2589.17;0.0;2589.17;Vendedor Externo;dataset_vendas_fake.xlsx
V01674;2024-03-07;P006;C007;V01;3;1038.4;0.0;3115.2;0.0;3115.2;Vendedor Externo;dataset_vendas_fake.xlsx
V01675;2024-02-21;P014;C016;V07;4;112.63;0.15;450.52;67.58;382.94;E-commerce;dataset_vendas_fake.xlsx
V01676;2024-04-17;P018;C002;V01;1;831.18;0.0;831.18;0.0;831.18;Marketplace;dataset_vendas_fake.xlsx
V01677;2024-05-13;P012;C022;V01;2;840.1;0.0;1680.2;0.0;1680.2;E-commerce;dataset_vendas_fake.xlsx
V01678;2024-09-14;P002;C026;V02;1;4053.13;0.0;4053.13;0.0;4053.13;Marketplace;dataset_vendas_fake.xlsx
V01679;2024-08-08;P004;C020;V01;1;248.92;0.0;248.92;0.0;248.92;Loja Física;dataset_vendas_fake.xlsx
V01680;2024-10-14;P008;C016;V07;4;1805.61;0.15;7222.44;1083.37;6139.07;Marketplace;dataset_vendas_fake.xlsx
V01681;2024-06-30;P002;C025;V08;2;4079.88;0.0;8159.76;0.0;8159.76;E-commerce;dataset_vendas_fake.xlsx
V01682;2024-12-19;P017;C020;V01;2;557.91;0.0;1115.82;0.0;1115.82;Loja Física;dataset_vendas_fake.xlsx
V01683;2024-08-12;P015;C027;V04;1;301.36;0.0;301.36;0.0;301.36;Loja Física;dataset_vendas_fake.xlsx
V01684;2024-11-08;P020;C026;V02;1;171.49;0.1;171.49;17.15;154.34;Loja Física;dataset_vendas_fake.xlsx
V01685;2024-09-16;P004;C006;V01;1;230.35;0.0;230.35;0.0;230.35;E-commerce;dataset_vendas_fake.xlsx
V01686;2024-07-04;P006;C024;V06;2;982.24;0.0;1964.48;0.0;1964.48;Vendedor Externo;dataset_vendas_fake.xlsx
V01687;2024-09-16;P016;C024;V01;1;658.3;0.15;658.3;98.74;559.56;E-commerce;dataset_vendas_fake.xlsx
V01688;2024-11-27;P012;C011;V03;3;926.79;0.0;2780.37;0.0;2780.37;Loja Física;dataset_vendas_fake.xlsx
V01689;2024-04-13;P015;C014;V04;2;265.2;0.0;530.4;0.0;530.4;E-commerce;dataset_vendas_fake.xlsx
V01690;2024-08-30;P011;C010;V02;1;1399.25;0.0;1399.25;0.0;1399.25;Loja Física;dataset_vendas_fake.xlsx
V01691;2024-05-16;P012;C023;V05;1;981.0;0.0;981.0;0.0;981.0;Marketplace;dataset_vendas_fake.xlsx
V01692;2024-11-18;P008;C005;V06;1;1908.43;0.0;1908.43;0.0;1908.43;E-commerce;dataset_vendas_fake.xlsx
V01693;2024-03-11;P014;C014;V04;2;99.96;0.0;199.92;0.0;199.92;Vendedor Externo;dataset_vendas_fake.xlsx
V01694;2024-09-21;P012;C001;V06;1;829.54;0.0;829.54;0.0;829.54;E-commerce;dataset_vendas_fake.xlsx
V01695;2024-01-06;P017;C003;V02;2;506.9;0.0;1013.8;0.0;1013.8;Marketplace;dataset_vendas_fake.xlsx
V01696;2024-06-10;P013;C025;V03;1;144.31;0.0;144.31;0.0;144.31;Vendedor Externo;dataset_vendas_fake.xlsx
V01697;2024-02-01;P013;C025;V03;1;122.71;0.0;122.71;0.0;122.71;E-commerce;dataset_vendas_fake.xlsx
V01698;2024-10-21;P002;C021;V07;1;4317.48;0.0;4317.48;0.0;4317.48;Vendedor Externo;dataset_vendas_fake.xlsx
V01699;2024-07-24;P018;C028;V05;1;870.02;0.1;870.02;87.0;783.02;Marketplace;dataset_vendas_fake.xlsx
V01700;2024-06-25;P001;C027;V04;1;4472.32;0.0;4472.32;0.0;4472.32;E-commerce;dataset_vendas_fake.xlsx
V01701;2024-12-24;P013;C015;V03;1;137.96;0.0;137.96;0.0;137.96;Vendedor Externo;dataset_vendas_fake.xlsx
V01702;2024-12-23;P012;C029;V06;1;884.28;0.0;884.28;0.0;884.28;E-commerce;dataset_vendas_fake.xlsx
V01703;2024-06-03;P003;C002;V06;1;57.82;0.05;57.82;2.89;54.93;Vendedor Externo;dataset_vendas_fake.xlsx
V01704;2024-03-05;P017;C018;V05;4;604.02;0.1;2416.08;241.61;2174.47;E-commerce;dataset_vendas_fake.xlsx
V01705;2024-02-17;P017;C018;V05;2;568.22;0.0;1136.44;0.0;1136.44;Marketplace;dataset_vendas_fake.xlsx
V01706;2024-11-21;P006;C001;V01;2;986.63;0.0;1973.26;0.0;1973.26;Marketplace;dataset_vendas_fake.xlsx
V01707;2024-05-03;P010;C024;V06;2;431.57;0.0;863.14;0.0;863.14;Loja Física;dataset_vendas_fake.xlsx
V01708;2024-01-31;P012;C009;V06;3;825.29;0.0;2475.87;0.0;2475.87;Loja Física;dataset_vendas_fake.xlsx
V01709;2024-01-25;P004;C015;V08;3;263.45;0.0;790.35;0.0;790.35;Loja Física;dataset_vendas_fake.xlsx
V01710;2024-08-20;P011;C008;V03;1;1219.43;0.1;1219.43;121.94;1097.49;Marketplace;dataset_vendas_fake.xlsx
V01711;2024-06-02;P010;C022;V01;1;457.65;0.0;457.65;0.0;457.65;Vendedor Externo;dataset_vendas_fake.xlsx
V01712;2024-09-23;P008;C004;V06;1;1904.75;0.0;1904.75;0.0;1904.75;E-commerce;dataset_vendas_fake.xlsx
V01713;2024-07-03;P015;C004;V01;2;268.36;0.0;536.72;0.0;536.72;Vendedor Externo;dataset_vendas_fake.xlsx
V01714;2024-07-29;P003;C003;V02;4;65.32;0.0;261.28;0.0;261.28;Vendedor Externo;dataset_vendas_fake.xlsx
V01715;2024-03-07;P016;C007;V06;1;728.75;0.0;728.75;0.0;728.75;Loja Física;dataset_vendas_fake.xlsx
V01716;2024-07-08;P017;C013;V07;3;561.27;0.1;1683.81;168.38;1515.43;Marketplace;dataset_vendas_fake.xlsx
V01717;2024-10-26;P016;C021;V07;2;622.06;0.0;1244.12;0.0;1244.12;Vendedor Externo;dataset_vendas_fake.xlsx
V01718;2024-12-18;P016;C024;V06;1;752.68;0.05;752.68;37.63;715.05;E-commerce;dataset_vendas_fake.xlsx
V01719;2024-03-14;P017;C005;V06;2;515.03;0.0;1030.06;0.0;1030.06;Vendedor Externo;dataset_vendas_fake.xlsx
V01720;2024-03-07;P017;C028;V05;2;538.06;0.0;1076.12;0.0;1076.12;E-commerce;dataset_vendas_fake.xlsx
V01721;2024-08-21;P016;C002;V01;2;606.78;0.0;1213.56;0.0;1213.56;Marketplace;dataset_vendas_fake.xlsx
V01722;2024-03-01;P020;C028;V05;1;169.23;0.2;169.23;33.85;135.38;Loja Física;dataset_vendas_fake.xlsx
V01723;2024-03-02;P012;C019;V05;1;842.16;0.0;842.16;0.0;842.16;Loja Física;dataset_vendas_fake.xlsx
V01724;2024-09-24;P005;C004;V06;2;2098.39;0.0;4196.78;0.0;4196.78;Marketplace;dataset_vendas_fake.xlsx
V01725;2024-07-10;P010;C010;V07;1;403.86;0.0;403.86;0.0;403.86;Loja Física;dataset_vendas_fake.xlsx
V01726;2024-03-14;P005;C026;V07;2;2339.75;0.0;4679.5;0.0;4679.5;Loja Física;dataset_vendas_fake.xlsx
V01727;2024-06-05;P010;C007;V01;1;502.28;0.0;502.28;0.0;502.28;Vendedor Externo;dataset_vendas_fake.xlsx
V01728;2024-01-02;P004;C018;V05;2;233.42;0.15;466.84;70.03;396.81;Loja Física;dataset_vendas_fake.xlsx
V01729;2024-01-23;P014;C016;V07;2;118.46;0.0;236.92;0.0;236.92;Vendedor Externo;dataset_vendas_fake.xlsx
V01730;2024-06-21;P013;C016;V02;1;149.94;0.0;149.94;0.0;149.94;E-commerce;dataset_vendas_fake.xlsx
V01731;2024-09-15;P015;C025;V08;1;314.01;0.05;314.01;15.7;298.31;Vendedor Externo;dataset_vendas_fake.xlsx
V01732;2024-03-17;P011;C003;V07;3;1176.3;0.05;3528.9;176.45;3352.45;Vendedor Externo;dataset_vendas_fake.xlsx
V01733;2024-04-29;P013;C011;V03;2;120.87;0.0;241.74;0.0;241.74;Vendedor Externo;dataset_vendas_fake.xlsx
V01734;2024-05-22;P003;C028;V05;1;61.05;0.2;61.05;12.21;48.84;Loja Física;dataset_vendas_fake.xlsx
V01735;2024-10-19;P010;C018;V05;2;480.38;0.2;960.76;192.15;768.61;Loja Física;dataset_vendas_fake.xlsx
V01736;2024-04-08;P020;C018;V05;1;198.98;0.0;198.98;0.0;198.98;E-commerce;dataset_vendas_fake.xlsx
V01737;2024-08-31;P017;C029;V01;3;499.03;0.15;1497.09;224.56;1272.53;Loja Física;dataset_vendas_fake.xlsx
V01738;2024-12-03;P018;C006;V01;1;845.79;0.05;845.79;42.29;803.5;Marketplace;dataset_vendas_fake.xlsx
V01739;2024-04-15;P008;C027;V04;1;1755.45;0.0;1755.45;0.0;1755.45;Loja Física;dataset_vendas_fake.xlsx
V01740;2024-09-30;P020;C011;V08;2;172.89;0.0;345.78;0.0;345.78;Loja Física;dataset_vendas_fake.xlsx
V01741;2024-09-08;P001;C011;V08;1;4531.23;0.0;4531.23;0.0;4531.23;E-commerce;dataset_vendas_fake.xlsx
V01742;2024-07-31;P001;C028;V05;1;4447.98;0.0;4447.98;0.0;4447.98;Vendedor Externo;dataset_vendas_fake.xlsx
V01743;2024-05-11;P003;C004;V01;1;70.18;0.0;70.18;0.0;70.18;E-commerce;dataset_vendas_fake.xlsx
V01744;2024-05-26;P005;C006;V06;1;2223.99;0.0;2223.99;0.0;2223.99;Loja Física;dataset_vendas_fake.xlsx
V01745;2024-03-19;P010;C014;V04;2;446.0;0.0;892.0;0.0;892.0;Loja Física;dataset_vendas_fake.xlsx
V01746;2024-11-10;P011;C006;V01;1;1327.97;0.0;1327.97;0.0;1327.97;Loja Física;dataset_vendas_fake.xlsx
V01747;2024-06-01;P013;C004;V06;1;130.99;0.2;130.99;26.2;104.79;E-commerce;dataset_vendas_fake.xlsx
V01748;2024-07-30;P011;C009;V06;1;1268.86;0.15;1268.86;190.33;1078.53;Loja Física;dataset_vendas_fake.xlsx
V01749;2024-01-27;P007;C008;V03;2;2762.08;0.05;5524.16;276.21;5247.95;Vendedor Externo;dataset_vendas_fake.xlsx
V01750;2024-09-17;P017;C013;V02;3;535.77;0.0;1607.31;0.0;1607.31;Marketplace;dataset_vendas_fake.xlsx
V01751;2024-02-01;P011;C015;V08;1;1413.63;0.0;1413.63;0.0;1413.63;Loja Física;dataset_vendas_fake.xlsx
V01752;2024-09-04;P001;C014;V04;1;4966.51;0.0;4966.51;0.0;4966.51;Loja Física;dataset_vendas_fake.xlsx
V01753;2024-05-17;P018;C019;V05;1;894.29;0.0;894.29;0.0;894.29;E-commerce;dataset_vendas_fake.xlsx
V01754;2024-10-11;P005;C010;V07;3;1982.1;0.1;5946.3;594.63;5351.67;Vendedor Externo;dataset_vendas_fake.xlsx
V01755;2024-02-12;P017;C007;V01;1;482.26;0.2;482.26;96.45;385.81;Marketplace;dataset_vendas_fake.xlsx
V01756;2024-10-03;P006;C026;V02;1;946.26;0.0;946.26;0.0;946.26;Vendedor Externo;dataset_vendas_fake.xlsx
V01757;2024-10-11;P015;C002;V01;3;284.91;0.0;854.73;0.0;854.73;Vendedor Externo;dataset_vendas_fake.xlsx
V01758;2024-11-13;P010;C021;V02;1;433.36;0.05;433.36;21.67;411.69;Loja Física;dataset_vendas_fake.xlsx
V01759;2024-01-31;P016;C009;V06;1;638.22;0.0;638.22;0.0;638.22;Vendedor Externo;dataset_vendas_fake.xlsx
V01760;2024-06-28;P007;C019;V05;1;3000.05;0.0;3000.05;0.0;3000.05;Loja Física;dataset_vendas_fake.xlsx
V01761;2024-03-23;P018;C019;V05;5;880.3;0.0;4401.5;0.0;4401.5;Marketplace;dataset_vendas_fake.xlsx
V01762;2024-02-15;P013;C023;V05;3;134.06;0.05;402.18;20.11;382.07;E-commerce;dataset_vendas_fake.xlsx
V01763;2024-10-11;P009;C029;V06;5;316.89;0.0;1584.45;0.0;1584.45;E-commerce;dataset_vendas_fake.xlsx
V01764;2024-11-08;P017;C026;V07;2;512.48;0.0;1024.96;0.0;1024.96;Marketplace;dataset_vendas_fake.xlsx
V01765;2024-11-21;P009;C025;V08;1;314.41;0.05;314.41;15.72;298.69;Marketplace;dataset_vendas_fake.xlsx
V01766;2024-05-05;P011;C011;V03;1;1258.19;0.0;1258.19;0.0;1258.19;Vendedor Externo;dataset_vendas_fake.xlsx
V01767;2024-11-02;P011;C001;V01;1;1120.94;0.05;1120.94;56.05;1064.89;Loja Física;dataset_vendas_fake.xlsx
V01768;2024-11-07;P016;C001;V01;1;728.0;0.1;728.0;72.8;655.2;E-commerce;dataset_vendas_fake.xlsx
V01769;2024-07-30;P018;C029;V06;1;891.21;0.0;891.21;0.0;891.21;Vendedor Externo;dataset_vendas_fake.xlsx
V01770;2024-10-02;P003;C026;V02;1;70.23;0.1;70.23;7.02;63.21;Loja Física;dataset_vendas_fake.xlsx
V01771;2024-12-09;P015;C022;V01;1;307.71;0.15;307.71;46.16;261.55;Marketplace;dataset_vendas_fake.xlsx
V01772;2024-07-11;P020;C012;V06;4;185.66;0.0;742.64;0.0;742.64;E-commerce;dataset_vendas_fake.xlsx
V01773;2024-12-22;P001;C004;V06;1;5073.94;0.0;5073.94;0.0;5073.94;Marketplace;dataset_vendas_fake.xlsx
V01774;2024-04-08;P015;C001;V01;1;283.27;0.0;283.27;0.0;283.27;Loja Física;dataset_vendas_fake.xlsx
V01775;2024-05-23;P012;C007;V01;1;1039.73;0.0;1039.73;0.0;1039.73;Marketplace;dataset_vendas_fake.xlsx
V01776;2024-04-23;P008;C016;V07;1;1534.68;0.0;1534.68;0.0;1534.68;Loja Física;dataset_vendas_fake.xlsx
V01777;2024-05-23;P016;C029;V01;1;685.76;0.0;685.76;0.0;685.76;Loja Física;dataset_vendas_fake.xlsx
V01778;2024-04-10;P013;C004;V06;1;121.64;0.0;121.64;0.0;121.64;Vendedor Externo;dataset_vendas_fake.xlsx
V01779;2024-03-28;P018;C007;V01;4;980.0;0.0;3920.0;0.0;3920.0;Loja Física;dataset_vendas_fake.xlsx
V01780;2024-10-28;P005;C024;V01;1;2352.54;0.0;2352.54;0.0;2352.54;E-commerce;dataset_vendas_fake.xlsx
V01781;2024-05-12;P019;C028;V05;2;537.86;0.0;1075.72;0.0;1075.72;Marketplace;dataset_vendas_fake.xlsx
V01782;2024-04-08;P001;C023;V05;1;5076.04;0.0;5076.04;0.0;5076.04;Vendedor Externo;dataset_vendas_fake.xlsx
V01783;2024-01-02;P014;C021;V02;1;100.51;0.0;100.51;0.0;100.51;Marketplace;dataset_vendas_fake.xlsx
V01784;2024-08-09;P014;C009;V01;2;113.0;0.2;226.0;45.2;180.8;Vendedor Externo;dataset_vendas_fake.xlsx
V01785;2024-09-10;P012;C017;V04;1;934.95;0.0;934.95;0.0;934.95;E-commerce;dataset_vendas_fake.xlsx
V01786;2024-01-25;P009;C030;V08;1;327.3;0.2;327.3;65.46;261.84;Vendedor Externo;dataset_vendas_fake.xlsx
V01787;2024-06-10;P001;C013;V02;3;4558.13;0.0;13674.39;0.0;13674.39;Marketplace;dataset_vendas_fake.xlsx
V01788;2024-02-11;P019;C026;V02;1;489.71;0.0;489.71;0.0;489.71;E-commerce;dataset_vendas_fake.xlsx
V01789;2024-12-19;P014;C003;V02;1;119.74;0.0;119.74;0.0;119.74;E-commerce;dataset_vendas_fake.xlsx
V01790;2024-03-25;P011;C010;V02;1;1353.03;0.0;1353.03;0.0;1353.03;Loja Física;dataset_vendas_fake.xlsx
V01791;2024-01-15;P016;C014;V04;1;658.29;0.0;658.29;0.0;658.29;Marketplace;dataset_vendas_fake.xlsx
V01792;2024-05-08;P008;C004;V06;2;1703.35;0.05;3406.7;170.34;3236.36;E-commerce;dataset_vendas_fake.xlsx
V01793;2024-06-23;P002;C027;V04;1;3835.23;0.1;3835.23;383.52;3451.71;E-commerce;dataset_vendas_fake.xlsx
V01794;2024-02-07;P020;C020;V06;1;172.71;0.0;172.71;0.0;172.71;Loja Física;dataset_vendas_fake.xlsx
V01795;2024-11-16;P015;C019;V05;1;263.17;0.0;263.17;0.0;263.17;Loja Física;dataset_vendas_fake.xlsx
V01796;2024-02-01;P002;C013;V07;1;3936.61;0.2;3936.61;787.32;3149.29;Loja Física;dataset_vendas_fake.xlsx
V01797;2024-03-06;P002;C030;V08;1;4346.16;0.0;4346.16;0.0;4346.16;Loja Física;dataset_vendas_fake.xlsx
V01798;2024-06-03;P020;C021;V07;1;201.99;0.0;201.99;0.0;201.99;Loja Física;dataset_vendas_fake.xlsx
V01799;2024-02-22;P002;C018;V05;2;3864.6;0.0;7729.2;0.0;7729.2;Marketplace;dataset_vendas_fake.xlsx
V01800;2024-07-14;P013;C004;V06;1;131.87;0.1;131.87;13.19;118.68;E-commerce;dataset_vendas_fake.xlsx
V01801;2024-11-02;P020;C001;V06;1;206.49;0.15;206.49;30.97;175.52;Vendedor Externo;dataset_vendas_fake.xlsx
V01802;2024-08-25;P014;C029;V01;1;102.89;0.1;102.89;10.29;92.6;Marketplace;dataset_vendas_fake.xlsx
V01803;2024-11-29;P001;C015;V08;4;4496.65;0.0;17986.6;0.0;17986.6;E-commerce;dataset_vendas_fake.xlsx
V01804;2024-02-25;P004;C001;V01;1;268.33;0.0;268.33;0.0;268.33;E-commerce;dataset_vendas_fake.xlsx
V01805;2024-10-20;P005;C021;V07;2;1902.12;0.0;3804.24;0.0;3804.24;Marketplace;dataset_vendas_fake.xlsx
V01806;2024-08-03;P016;C024;V06;1;659.38;0.0;659.38;0.0;659.38;E-commerce;dataset_vendas_fake.xlsx
V01807;2024-05-04;P005;C026;V02;1;2043.39;0.0;2043.39;0.0;2043.39;Loja Física;dataset_vendas_fake.xlsx
V01808;2024-03-06;P010;C019;V05;1;509.19;0.0;509.19;0.0;509.19;Marketplace;dataset_vendas_fake.xlsx
V01809;2024-06-08;P019;C029;V01;1;493.61;0.2;493.61;98.72;394.89;E-commerce;dataset_vendas_fake.xlsx
V01810;2024-08-28;P010;C020;V06;1;476.3;0.05;476.3;23.82;452.48;Marketplace;dataset_vendas_fake.xlsx
V01811;2024-07-07;P001;C017;V04;2;4099.21;0.0;8198.42;0.0;8198.42;Loja Física;dataset_vendas_fake.xlsx
V01812;2024-05-01;P017;C027;V04;1;554.29;0.05;554.29;27.71;526.58;Vendedor Externo;dataset_vendas_fake.xlsx
V01813;2024-06-25;P007;C007;V01;1;2934.68;0.0;2934.68;0.0;2934.68;Loja Física;dataset_vendas_fake.xlsx
V01814;2024-06-23;P007;C022;V06;2;2681.12;0.0;5362.24;0.0;5362.24;Vendedor Externo;dataset_vendas_fake.xlsx
V01815;2024-11-03;P011;C028;V05;1;1409.46;0.0;1409.46;0.0;1409.46;Marketplace;dataset_vendas_fake.xlsx
V01816;2024-08-02;P011;C006;V01;1;1220.85;0.0;1220.85;0.0;1220.85;Vendedor Externo;dataset_vendas_fake.xlsx
V01817;2024-01-22;P016;C008;V03;1;621.11;0.0;621.11;0.0;621.11;E-commerce;dataset_vendas_fake.xlsx
V01818;2024-12-20;P008;C015;V03;1;1589.69;0.0;1589.69;0.0;1589.69;E-commerce;dataset_vendas_fake.xlsx
V01819;2024-09-03;P011;C026;V07;2;1180.24;0.0;2360.48;0.0;2360.48;E-commerce;dataset_vendas_fake.xlsx
V01820;2024-07-23;P006;C027;V04;1;1114.23;0.15;1114.23;167.13;947.1;Marketplace;dataset_vendas_fake.xlsx
V01821;2024-01-06;P003;C012;V01;2;60.06;0.0;120.12;0.0;120.12;Loja Física;dataset_vendas_fake.xlsx
V01822;2024-03-13;P010;C015;V03;1;429.88;0.0;429.88;0.0;429.88;Marketplace;dataset_vendas_fake.xlsx
V01823;2024-01-23;P001;C007;V01;2;4961.32;0.1;9922.64;992.26;8930.38;Marketplace;dataset_vendas_fake.xlsx
V01824;2024-03-30;P008;C029;V06;1;1788.64;0.0;1788.64;0.0;1788.64;E-commerce;dataset_vendas_fake.xlsx
V01825;2024-06-22;P018;C008;V03;1;927.24;0.0;927.24;0.0;927.24;E-commerce;dataset_vendas_fake.xlsx
V01826;2024-01-12;P006;C027;V04;1;955.7;0.0;955.7;0.0;955.7;Loja Física;dataset_vendas_fake.xlsx
V01827;2024-01-11;P005;C013;V02;2;2034.65;0.1;4069.3;406.93;3662.37;Marketplace;dataset_vendas_fake.xlsx
V01828;2024-04-17;P010;C015;V03;1;449.99;0.05;449.99;22.5;427.49;Marketplace;dataset_vendas_fake.xlsx
V01829;2024-07-09;P006;C017;V04;2;1116.91;0.0;2233.82;0.0;2233.82;Loja Física;dataset_vendas_fake.xlsx
V01830;2024-03-01;P005;C029;V01;2;2195.08;0.15;4390.16;658.52;3731.64;E-commerce;dataset_vendas_fake.xlsx
V01831;2024-04-08;P018;C013;V07;1;938.14;0.0;938.14;0.0;938.14;Marketplace;dataset_vendas_fake.xlsx
V01832;2024-11-02;P014;C021;V02;1;106.2;0.0;106.2;0.0;106.2;Loja Física;dataset_vendas_fake.xlsx
V01833;2024-11-11;P019;C007;V06;1;530.79;0.0;530.79;0.0;530.79;E-commerce;dataset_vendas_fake.xlsx
V01834;2024-06-16;P008;C002;V06;2;1717.87;0.0;3435.74;0.0;3435.74;E-commerce;dataset_vendas_fake.xlsx
V01835;2024-09-17;P019;C029;V06;1;483.55;0.0;483.55;0.0;483.55;E-commerce;dataset_vendas_fake.xlsx
V01836;2024-02-11;P016;C026;V02;1;684.69;0.0;684.69;0.0;684.69;E-commerce;dataset_vendas_fake.xlsx
V01837;2024-09-17;P013;C025;V08;1;134.18;0.0;134.18;0.0;134.18;Vendedor Externo;dataset_vendas_fake.xlsx
V01838;2024-09-22;P015;C006;V06;3;326.28;0.05;978.84;48.94;929.9;Marketplace;dataset_vendas_fake.xlsx
V01839;2024-09-26;P016;C023;V05;1;730.35;0.1;730.35;73.04;657.31;Vendedor Externo;dataset_vendas_fake.xlsx
V01840;2024-05-17;P019;C013;V02;2;438.56;0.0;877.12;0.0;877.12;E-commerce;dataset_vendas_fake.xlsx
V01841;2024-04-22;P007;C015;V03;2;2758.94;0.0;5517.88;0.0;5517.88;Vendedor Externo;dataset_vendas_fake.xlsx
V01842;2024-04-21;P010;C014;V04;1;459.22;0.0;459.22;0.0;459.22;E-commerce;dataset_vendas_fake.xlsx
V01843;2024-07-10;P009;C018;V05;2;319.63;0.0;639.26;0.0;639.26;E-commerce;dataset_vendas_fake.xlsx
V01844;2024-02-13;P010;C015;V08;1;461.09;0.0;461.09;0.0;461.09;E-commerce;dataset_vendas_fake.xlsx
V01845;2024-10-25;P002;C015;V08;2;4279.11;0.0;8558.22;0.0;8558.22;Vendedor Externo;dataset_vendas_fake.xlsx
V01846;2024-08-18;P015;C014;V04;1;273.2;0.1;273.2;27.32;245.88;Marketplace;dataset_vendas_fake.xlsx
V01847;2024-09-11;P011;C009;V06;1;1258.05;0.0;1258.05;0.0;1258.05;Loja Física;dataset_vendas_fake.xlsx
V01848;2024-04-01;P015;C008;V08;2;326.3;0.1;652.6;65.26;587.34;Loja Física;dataset_vendas_fake.xlsx
V01849;2024-07-02;P003;C010;V02;2;57.44;0.0;114.88;0.0;114.88;Marketplace;dataset_vendas_fake.xlsx
V01850;2024-04-26;P004;C004;V01;1;241.22;0.0;241.22;0.0;241.22;Marketplace;dataset_vendas_fake.xlsx
V01851;2024-01-20;P018;C007;V06;1;858.56;0.15;858.56;128.78;729.78;E-commerce;dataset_vendas_fake.xlsx
V01852;2024-12-11;P011;C009;V06;2;1372.59;0.05;2745.18;137.26;2607.92;Marketplace;dataset_vendas_fake.xlsx
V01853;2024-04-07;P020;C005;V06;1;195.98;0.0;195.98;0.0;195.98;Loja Física;dataset_vendas_fake.xlsx
V01854;2024-06-02;P010;C027;V04;2;438.19;0.2;876.38;175.28;701.1;Vendedor Externo;dataset_vendas_fake.xlsx
V01855;2024-07-26;P019;C025;V03;1;458.22;0.15;458.22;68.73;389.49;Vendedor Externo;dataset_vendas_fake.xlsx
V01856;2024-11-30;P017;C025;V03;1;567.66;0.05;567.66;28.38;539.28;Vendedor Externo;dataset_vendas_fake.xlsx
V01857;2024-04-26;P008;C024;V01;2;1909.26;0.2;3818.52;763.7;3054.82;Vendedor Externo;dataset_vendas_fake.xlsx
V01858;2024-04-29;P017;C019;V05;1;584.3;0.0;584.3;0.0;584.3;Vendedor Externo;dataset_vendas_fake.xlsx
V01859;2024-06-23;P003;C011;V03;2;58.27;0.0;116.54;0.0;116.54;Vendedor Externo;dataset_vendas_fake.xlsx
V01860;2024-12-23;P014;C007;V06;5;117.69;0.0;588.45;0.0;588.45;Vendedor Externo;dataset_vendas_fake.xlsx
V01861;2024-10-12;P001;C012;V01;1;4405.77;0.1;4405.77;440.58;3965.19;E-commerce;dataset_vendas_fake.xlsx
V01862;2024-06-05;P001;C016;V07;2;4514.46;0.0;9028.92;0.0;9028.92;Marketplace;dataset_vendas_fake.xlsx
V01863;2024-04-25;P014;C014;V04;1;106.06;0.15;106.06;15.91;90.15;Marketplace;dataset_vendas_fake.xlsx
V01864;2024-06-15;P019;C001;V01;2;462.09;0.0;924.18;0.0;924.18;E-commerce;dataset_vendas_fake.xlsx
V01865;2024-03-19;P011;C019;V05;1;1415.46;0.0;1415.46;0.0;1415.46;Vendedor Externo;dataset_vendas_fake.xlsx
V01866;2024-04-14;P013;C003;V07;1;130.56;0.0;130.56;0.0;130.56;E-commerce;dataset_vendas_fake.xlsx
V01867;2024-08-31;P004;C011;V08;2;270.07;0.0;540.14;0.0;540.14;Marketplace;dataset_vendas_fake.xlsx
V01868;2024-02-17;P006;C004;V01;1;905.69;0.0;905.69;0.0;905.69;Loja Física;dataset_vendas_fake.xlsx
V01869;2024-12-18;P020;C016;V02;1;189.69;0.1;189.69;18.97;170.72;E-commerce;dataset_vendas_fake.xlsx
V01870;2024-04-11;P003;C030;V08;3;63.32;0.0;189.96;0.0;189.96;Marketplace;dataset_vendas_fake.xlsx
V01871;2024-04-15;P008;C010;V02;1;1781.72;0.1;1781.72;178.17;1603.55;Vendedor Externo;dataset_vendas_fake.xlsx
V01872;2024-01-30;P012;C017;V04;1;908.35;0.1;908.35;90.84;817.51;E-commerce;dataset_vendas_fake.xlsx
V01873;2024-06-16;P014;C013;V02;3;100.13;0.0;300.39;0.0;300.39;Loja Física;dataset_vendas_fake.xlsx
V01874;2024-03-07;P018;C014;V04;1;797.11;0.15;797.11;119.57;677.54;Loja Física;dataset_vendas_fake.xlsx
V01875;2024-07-18;P007;C005;V01;2;2880.42;0.0;5760.84;0.0;5760.84;Marketplace;dataset_vendas_fake.xlsx
V01876;2024-08-09;P016;C006;V06;2;673.59;0.0;1347.18;0.0;1347.18;E-commerce;dataset_vendas_fake.xlsx
V01877;2024-09-14;P015;C009;V01;1;269.21;0.05;269.21;13.46;255.75;Loja Física;dataset_vendas_fake.xlsx
V01878;2024-03-14;P015;C003;V07;1;276.21;0.0;276.21;0.0;276.21;E-commerce;dataset_vendas_fake.xlsx
V01879;2024-09-26;P011;C030;V08;1;1130.26;0.0;1130.26;0.0;1130.26;Vendedor Externo;dataset_vendas_fake.xlsx
V01880;2024-08-24;P019;C002;V01;2;427.08;0.0;854.16;0.0;854.16;Marketplace;dataset_vendas_fake.xlsx
V01881;2024-11-26;P015;C012;V06;1;322.73;0.0;322.73;0.0;322.73;Vendedor Externo;dataset_vendas_fake.xlsx
V01882;2024-11-09;P006;C014;V04;1;1021.1;0.0;1021.1;0.0;1021.1;E-commerce;dataset_vendas_fake.xlsx
V01883;2024-11-12;P014;C015;V08;1;113.05;0.0;113.05;0.0;113.05;E-commerce;dataset_vendas_fake.xlsx
V01884;2024-12-23;P019;C004;V06;1;513.26;0.0;513.26;0.0;513.26;Loja Física;dataset_vendas_fake.xlsx
V01885;2024-05-02;P006;C009;V06;1;961.36;0.0;961.36;0.0;961.36;Loja Física;dataset_vendas_fake.xlsx
V01886;2024-12-23;P007;C030;V08;1;2824.67;0.1;2824.67;282.47;2542.2;Vendedor Externo;dataset_vendas_fake.xlsx
V01887;2024-10-10;P004;C012;V01;4;264.59;0.0;1058.36;0.0;1058.36;Loja Física;dataset_vendas_fake.xlsx
V01888;2024-09-15;P011;C014;V04;1;1365.7;0.0;1365.7;0.0;1365.7;E-commerce;dataset_vendas_fake.xlsx
V01889;2024-05-09;P007;C017;V04;2;2894.67;0.05;5789.34;289.47;5499.87;Vendedor Externo;dataset_vendas_fake.xlsx
V01890;2024-01-14;P003;C021;V07;2;57.14;0.05;114.28;5.71;108.57;Vendedor Externo;dataset_vendas_fake.xlsx
V01891;2024-06-24;P013;C028;V05;3;128.26;0.0;384.78;0.0;384.78;Vendedor Externo;dataset_vendas_fake.xlsx
V01892;2024-01-20;P001;C009;V01;1;5072.93;0.0;5072.93;0.0;5072.93;E-commerce;dataset_vendas_fake.xlsx
V01893;2024-06-16;P015;C016;V07;1;274.74;0.05;274.74;13.74;261.0;Loja Física;dataset_vendas_fake.xlsx
V01894;2024-02-12;P018;C022;V01;1;826.08;0.0;826.08;0.0;826.08;Vendedor Externo;dataset_vendas_fake.xlsx
V01895;2024-03-12;P016;C027;V04;3;635.57;0.0;1906.71;0.0;1906.71;E-commerce;dataset_vendas_fake.xlsx
V01896;2024-03-28;P001;C020;V01;2;4560.69;0.15;9121.38;1368.21;7753.17;E-commerce;dataset_vendas_fake.xlsx
V01897;2024-05-30;P004;C018;V05;1;265.69;0.0;265.69;0.0;265.69;E-commerce;dataset_vendas_fake.xlsx
V01898;2024-02-09;P001;C022;V06;1;4765.44;0.0;4765.44;0.0;4765.44;E-commerce;dataset_vendas_fake.xlsx
V01899;2024-08-13;P012;C006;V01;2;882.9;0.0;1765.8;0.0;1765.8;Loja Física;dataset_vendas_fake.xlsx
V01900;2024-12-11;P018;C007;V06;1;988.55;0.0;988.55;0.0;988.55;Loja Física;dataset_vendas_fake.xlsx
V01901;2024-11-21;P017;C021;V02;1;522.15;0.0;522.15;0.0;522.15;Vendedor Externo;dataset_vendas_fake.xlsx
V01902;2024-12-19;P010;C015;V03;1;502.51;0.0;502.51;0.0;502.51;Loja Física;dataset_vendas_fake.xlsx
V01903;2024-01-25;P013;C025;V03;3;122.19;0.0;366.57;0.0;366.57;E-commerce;dataset_vendas_fake.xlsx
V01904;2024-07-10;P008;C007;V01;3;1570.87;0.2;4712.61;942.52;3770.09;Loja Física;dataset_vendas_fake.xlsx
V01905;2024-08-03;P001;C001;V06;1;5059.2;0.0;5059.2;0.0;5059.2;E-commerce;dataset_vendas_fake.xlsx
V01906;2024-12-14;P003;C008;V03;1;59.22;0.0;59.22;0.0;59.22;E-commerce;dataset_vendas_fake.xlsx
V01907;2024-03-26;P002;C014;V04;1;3640.99;0.0;3640.99;0.0;3640.99;Marketplace;dataset_vendas_fake.xlsx
V01908;2024-06-14;P018;C021;V02;1;947.64;0.0;947.64;0.0;947.64;E-commerce;dataset_vendas_fake.xlsx
V01909;2024-10-04;P013;C014;V04;1;140.14;0.0;140.14;0.0;140.14;E-commerce;dataset_vendas_fake.xlsx
V01910;2024-04-19;P004;C012;V06;1;235.51;0.15;235.51;35.33;200.18;E-commerce;dataset_vendas_fake.xlsx
V01911;2024-01-08;P013;C021;V07;2;130.52;0.0;261.04;0.0;261.04;Loja Física;dataset_vendas_fake.xlsx
V01912;2024-07-18;P007;C015;V03;1;2825.29;0.0;2825.29;0.0;2825.29;Loja Física;dataset_vendas_fake.xlsx
V01913;2024-12-02;P009;C021;V07;2;335.78;0.0;671.56;0.0;671.56;Loja Física;dataset_vendas_fake.xlsx
V01914;2024-02-04;P007;C014;V04;1;2967.5;0.0;2967.5;0.0;2967.5;Vendedor Externo;dataset_vendas_fake.xlsx
V01915;2024-02-22;P018;C026;V02;2;990.18;0.0;1980.36;0.0;1980.36;Marketplace;dataset_vendas_fake.xlsx
V01916;2024-02-18;P020;C011;V08;2;193.18;0.2;386.36;77.27;309.09;E-commerce;dataset_vendas_fake.xlsx
V01917;2024-06-19;P006;C021;V07;5;1043.24;0.0;5216.2;0.0;5216.2;Vendedor Externo;dataset_vendas_fake.xlsx
V01918;2024-02-04;P011;C001;V06;2;1145.84;0.05;2291.68;114.58;2177.1;Vendedor Externo;dataset_vendas_fake.xlsx
V01919;2024-09-18;P008;C017;V04;3;1660.79;0.0;4982.37;0.0;4982.37;E-commerce;dataset_vendas_fake.xlsx
V01920;2024-01-11;P020;C025;V03;1;182.42;0.0;182.42;0.0;182.42;Marketplace;dataset_vendas_fake.xlsx
V01921;2024-05-01;P014;C025;V03;2;118.32;0.15;236.64;35.5;201.14;Loja Física;dataset_vendas_fake.xlsx
V01922;2024-01-31;P005;C012;V06;1;2334.24;0.05;2334.24;116.71;2217.53;Marketplace;dataset_vendas_fake.xlsx
V01923;2024-04-13;P005;C013;V02;1;1910.32;0.0;1910.32;0.0;1910.32;Loja Física;dataset_vendas_fake.xlsx
V01924;2024-05-01;P020;C015;V08;3;191.31;0.05;573.93;28.7;545.23;E-commerce;dataset_vendas_fake.xlsx
V01925;2024-05-22;P011;C021;V02;1;1336.59;0.0;1336.59;0.0;1336.59;Vendedor Externo;dataset_vendas_fake.xlsx
V01926;2024-11-27;P010;C025;V03;1;470.2;0.0;470.2;0.0;470.2;E-commerce;dataset_vendas_fake.xlsx
V01927;2024-06-18;P011;C008;V03;2;1185.71;0.0;2371.42;0.0;2371.42;Loja Física;dataset_vendas_fake.xlsx
V01928;2024-12-06;P008;C026;V02;1;1750.34;0.0;1750.34;0.0;1750.34;Vendedor Externo;dataset_vendas_fake.xlsx
V01929;2024-09-23;P011;C006;V06;1;1395.83;0.0;1395.83;0.0;1395.83;Loja Física;dataset_vendas_fake.xlsx
V01930;2024-02-03;P016;C003;V02;2;767.89;0.0;1535.78;0.0;1535.78;Loja Física;dataset_vendas_fake.xlsx
V01931;2024-11-20;P005;C007;V01;1;2223.0;0.2;2223.0;444.6;1778.4;Loja Física;dataset_vendas_fake.xlsx
V01932;2024-03-29;P019;C018;V05;3;484.84;0.05;1454.52;72.73;1381.79;E-commerce;dataset_vendas_fake.xlsx
V01933;2024-09-16;P003;C014;V04;1;71.64;0.2;71.64;14.33;57.31;Marketplace;dataset_vendas_fake.xlsx
V01934;2024-03-25;P007;C008;V08;1;2574.12;0.0;2574.12;0.0;2574.12;E-commerce;dataset_vendas_fake.xlsx
V01935;2024-11-06;P008;C010;V07;1;1842.7;0.0;1842.7;0.0;1842.7;Vendedor Externo;dataset_vendas_fake.xlsx
V01936;2024-11-21;P007;C009;V06;1;2602.58;0.2;2602.58;520.52;2082.06;Loja Física;dataset_vendas_fake.xlsx
V01937;2024-07-03;P013;C013;V02;2;132.59;0.0;265.18;0.0;265.18;Vendedor Externo;dataset_vendas_fake.xlsx
V01938;2024-08-13;P014;C017;V04;5;115.3;0.0;576.5;0.0;576.5;E-commerce;dataset_vendas_fake.xlsx
V01939;2024-09-03;P001;C025;V08;1;4063.42;0.0;4063.42;0.0;4063.42;Vendedor Externo;dataset_vendas_fake.xlsx
V01940;2024-02-12;P010;C020;V01;1;504.02;0.0;504.02;0.0;504.02;E-commerce;dataset_vendas_fake.xlsx
V01941;2024-05-11;P013;C015;V08;2;133.58;0.05;267.16;13.36;253.8;Vendedor Externo;dataset_vendas_fake.xlsx
V01942;2024-05-25;P013;C018;V05;2;124.53;0.0;249.06;0.0;249.06;Loja Física;dataset_vendas_fake.xlsx
V01943;2024-06-19;P005;C023;V05;2;1912.12;0.0;3824.24;0.0;3824.24;E-commerce;dataset_vendas_fake.xlsx
V01944;2024-03-20;P007;C001;V01;1;3037.49;0.0;3037.49;0.0;3037.49;Marketplace;dataset_vendas_fake.xlsx
V01945;2024-09-08;P013;C030;V08;2;133.12;0.05;266.24;13.31;252.93;Vendedor Externo;dataset_vendas_fake.xlsx
V01946;2024-07-10;P013;C016;V07;1;148.23;0.0;148.23;0.0;148.23;Loja Física;dataset_vendas_fake.xlsx
V01947;2024-07-28;P002;C030;V03;2;4117.42;0.0;8234.84;0.0;8234.84;Vendedor Externo;dataset_vendas_fake.xlsx
V01948;2024-10-16;P006;C007;V06;1;897.92;0.0;897.92;0.0;897.92;Marketplace;dataset_vendas_fake.xlsx
V01949;2024-06-27;P017;C023;V05;3;506.45;0.0;1519.35;0.0;1519.35;Marketplace;dataset_vendas_fake.xlsx
V01950;2024-12-22;P002;C021;V07;2;3813.62;0.0;7627.24;0.0;7627.24;Vendedor Externo;dataset_vendas_fake.xlsx
V01951;2024-05-06;P008;C016;V02;1;1903.09;0.1;1903.09;190.31;1712.78;Marketplace;dataset_vendas_fake.xlsx
V01952;2024-11-19;P001;C023;V05;3;4455.59;0.05;13366.77;668.34;12698.43;Marketplace;dataset_vendas_fake.xlsx
V01953;2024-11-05;P015;C022;V01;1;263.13;0.0;263.13;0.0;263.13;Marketplace;dataset_vendas_fake.xlsx
V01954;2024-05-06;P020;C019;V05;1;183.22;0.0;183.22;0.0;183.22;Loja Física;dataset_vendas_fake.xlsx
V01955;2024-02-29;P003;C021;V07;1;62.91;0.05;62.91;3.15;59.76;Vendedor Externo;dataset_vendas_fake.xlsx
V01956;2024-12-27;P019;C029;V01;1;512.13;0.0;512.13;0.0;512.13;E-commerce;dataset_vendas_fake.xlsx
V01957;2024-08-04;P006;C027;V04;2;1019.17;0.0;2038.34;0.0;2038.34;Marketplace;dataset_vendas_fake.xlsx
V01958;2024-12-20;P010;C017;V04;1;470.34;0.1;470.34;47.03;423.31;Marketplace;dataset_vendas_fake.xlsx
V01959;2024-07-29;P003;C004;V06;1;60.32;0.1;60.32;6.03;54.29;E-commerce;dataset_vendas_fake.xlsx
V01960;2024-05-17;P007;C030;V08;2;2672.98;0.0;5345.96;0.0;5345.96;Marketplace;dataset_vendas_fake.xlsx
V01961;2024-01-04;P006;C027;V04;1;1028.57;0.0;1028.57;0.0;1028.57;Loja Física;dataset_vendas_fake.xlsx
V01962;2024-02-19;P003;C025;V08;5;63.81;0.0;319.05;0.0;319.05;Vendedor Externo;dataset_vendas_fake.xlsx
V01963;2024-12-01;P010;C024;V06;1;502.68;0.1;502.68;50.27;452.41;E-commerce;dataset_vendas_fake.xlsx
V01964;2024-03-31;P012;C006;V01;1;976.0;0.0;976.0;0.0;976.0;E-commerce;dataset_vendas_fake.xlsx
V01965;2024-09-06;P006;C017;V04;1;922.12;0.0;922.12;0.0;922.12;Vendedor Externo;dataset_vendas_fake.xlsx
V01966;2024-10-17;P007;C006;V01;1;2983.37;0.0;2983.37;0.0;2983.37;Loja Física;dataset_vendas_fake.xlsx
V01967;2024-04-03;P007;C009;V06;4;2729.48;0.0;10917.92;0.0;10917.92;Vendedor Externo;dataset_vendas_fake.xlsx
V01968;2024-11-16;P020;C004;V01;1;168.39;0.0;168.39;0.0;168.39;Loja Física;dataset_vendas_fake.xlsx
V01969;2024-05-30;P003;C013;V02;1;66.06;0.0;66.06;0.0;66.06;Marketplace;dataset_vendas_fake.xlsx
V01970;2024-02-02;P011;C001;V01;2;1181.18;0.0;2362.36;0.0;2362.36;Vendedor Externo;dataset_vendas_fake.xlsx
V01971;2024-09-05;P004;C001;V01;1;283.37;0.05;283.37;14.17;269.2;Marketplace;dataset_vendas_fake.xlsx
V01972;2024-01-04;P019;C026;V02;1;486.56;0.0;486.56;0.0;486.56;Loja Física;dataset_vendas_fake.xlsx
V01973;2024-04-18;P017;C026;V02;5;563.63;0.0;2818.15;0.0;2818.15;Vendedor Externo;dataset_vendas_fake.xlsx
V01974;2024-11-04;P017;C025;V08;1;489.56;0.2;489.56;97.91;391.65;Vendedor Externo;dataset_vendas_fake.xlsx
V01975;2024-08-30;P011;C020;V06;1;1314.36;0.0;1314.36;0.0;1314.36;Marketplace;dataset_vendas_fake.xlsx
V01976;2024-07-08;P011;C011;V03;2;1354.48;0.0;2708.96;0.0;2708.96;Marketplace;dataset_vendas_fake.xlsx
V01977;2024-12-06;P013;C013;V02;2;148.42;0.0;296.84;0.0;296.84;Marketplace;dataset_vendas_fake.xlsx
V01978;2024-06-18;P004;C001;V06;1;240.64;0.2;240.64;48.13;192.51;Vendedor Externo;dataset_vendas_fake.xlsx
V01979;2024-03-12;P001;C020;V01;1;4820.53;0.0;4820.53;0.0;4820.53;Marketplace;dataset_vendas_fake.xlsx
V01980;2024-12-24;P008;C012;V06;1;1600.38;0.0;1600.38;0.0;1600.38;Vendedor Externo;dataset_vendas_fake.xlsx
V01981;2024-09-20;P014;C022;V01;1;99.9;0.0;99.9;0.0;99.9;Loja Física;dataset_vendas_fake.xlsx
V01982;2024-11-22;P011;C001;V06;3;1413.29;0.0;4239.87;0.0;4239.87;Loja Física;dataset_vendas_fake.xlsx
V01983;2024-06-15;P015;C008;V08;1;263.02;0.0;263.02;0.0;263.02;Vendedor Externo;dataset_vendas_fake.xlsx
V01984;2024-11-09;P003;C012;V06;2;58.56;0.0;117.12;0.0;117.12;Vendedor Externo;dataset_vendas_fake.xlsx
V01985;2024-12-03;P004;C024;V06;2;263.83;0.0;527.66;0.0;527.66;Marketplace;dataset_vendas_fake.xlsx
V01986;2024-11-06;P007;C023;V05;2;2580.43;0.0;5160.86;0.0;5160.86;Loja Física;dataset_vendas_fake.xlsx
V01987;2024-03-06;P016;C026;V02;2;736.24;0.0;1472.48;0.0;1472.48;Marketplace;dataset_vendas_fake.xlsx
V01988;2024-12-10;P018;C028;V05;4;863.2;0.05;3452.8;172.64;3280.16;E-commerce;dataset_vendas_fake.xlsx
V01989;2024-08-16;P004;C016;V02;1;281.54;0.15;281.54;42.23;239.31;E-commerce;dataset_vendas_fake.xlsx
V01990;2024-04-18;P006;C025;V03;1;1104.44;0.1;1104.44;110.44;994.0;Loja Física;dataset_vendas_fake.xlsx
V01991;2024-08-10;P001;C006;V06;2;4225.02;0.1;8450.04;845.0;7605.04;Vendedor Externo;dataset_vendas_fake.xlsx
V01992;2024-05-23;P008;C024;V06;3;1621.44;0.15;4864.32;729.65;4134.67;Vendedor Externo;dataset_vendas_fake.xlsx
V01993;2024-12-09;P004;C022;V01;1;234.44;0.0;234.44;0.0;234.44;Vendedor Externo;dataset_vendas_fake.xlsx
V01994;2024-02-16;P011;C028;V05;1;1313.46;0.0;1313.46;0.0;1313.46;Loja Física;dataset_vendas_fake.xlsx
V01995;2024-11-25;P011;C013;V07;4;1126.39;0.0;4505.56;0.0;4505.56;Vendedor Externo;dataset_vendas_fake.xlsx
V01996;2024-04-29;P008;C009;V01;1;1738.08;0.15;1738.08;260.71;1477.37;Marketplace;dataset_vendas_fake.xlsx
V01997;2024-02-14;P004;C003;V07;2;276.83;0.0;553.66;0.0;553.66;E-commerce;dataset_vendas_fake.xlsx
V01998;2024-02-29;P019;C012;V01;1;479.69;0.0;479.69;0.0;479.69;Marketplace;dataset_vendas_fake.xlsx
V01999;2024-07-13;P019;C024;V01;1;506.45;0.0;506.45;0.0;506.45;Marketplace;dataset_vendas_fake.xlsx
V02000;2024-02-01;P019;C018;V05;2;482.75;0.0;965.5;0.0;965.5;Vendedor Externo;dataset_vendas_fake.xlsx
V02001;2024-08-04;P011;C025;V08;2;1166.2;0.1;2332.4;233.24;2099.16;E-commerce;dataset_vendas_fake.xlsx
V02002;2024-09-23;P020;C019;V05;2;169.65;0.2;339.3;67.86;271.44;Loja Física;dataset_vendas_fake.xlsx
V02003;2024-07-21;P001;C018;V05;1;4081.65;0.0;4081.65;0.0;4081.65;Marketplace;dataset_vendas_fake.xlsx
V02004;2024-03-15;P010;C027;V04;1;490.01;0.1;490.01;49.0;441.01;Vendedor Externo;dataset_vendas_fake.xlsx
V02005;2024-12-14;P015;C005;V06;5;299.39;0.0;1496.95;0.0;1496.95;E-commerce;dataset_vendas_fake.xlsx
V02006;2024-12-06;P002;C020;V06;2;3629.82;0.0;7259.64;0.0;7259.64;Marketplace;dataset_vendas_fake.xlsx
V02007;2024-09-14;P004;C009;V06;1;230.64;0.0;230.64;0.0;230.64;E-commerce;dataset_vendas_fake.xlsx
V02008;2024-09-10;P010;C023;V05;3;495.89;0.0;1487.67;0.0;1487.67;Loja Física;dataset_vendas_fake.xlsx
V02009;2024-06-19;P005;C027;V04;1;2012.92;0.1;2012.92;201.29;1811.63;E-commerce;dataset_vendas_fake.xlsx
V02010;2024-12-24;P002;C030;V03;1;4205.6;0.0;4205.6;0.0;4205.6;Vendedor Externo;dataset_vendas_fake.xlsx
V02011;2024-07-19;P010;C027;V04;2;439.88;0.05;879.76;43.99;835.77;Loja Física;dataset_vendas_fake.xlsx
V02012;2024-10-07;P013;C011;V08;1;140.0;0.0;140.0;0.0;140.0;Vendedor Externo;dataset_vendas_fake.xlsx
V02013;2024-06-27;P013;C013;V02;2;147.8;0.0;295.6;0.0;295.6;Marketplace;dataset_vendas_fake.xlsx
V02014;2024-05-24;P007;C023;V05;3;2769.73;0.0;8309.19;0.0;8309.19;Loja Física;dataset_vendas_fake.xlsx
V02015;2024-03-08;P011;C025;V03;1;1162.61;0.05;1162.61;58.13;1104.48;Marketplace;dataset_vendas_fake.xlsx
V02016;2024-08-22;P006;C019;V05;2;900.92;0.0;1801.84;0.0;1801.84;Vendedor Externo;dataset_vendas_fake.xlsx
V02017;2024-12-22;P016;C010;V02;2;757.28;0.0;1514.56;0.0;1514.56;E-commerce;dataset_vendas_fake.xlsx
V02018;2024-04-21;P007;C024;V01;4;2731.23;0.0;10924.92;0.0;10924.92;Marketplace;dataset_vendas_fake.xlsx
V02019;2024-10-21;P004;C022;V01;2;256.06;0.0;512.12;0.0;512.12;Vendedor Externo;dataset_vendas_fake.xlsx
V02020;2024-08-06;P006;C030;V03;1;1082.46;0.1;1082.46;108.25;974.21;Loja Física;dataset_vendas_fake.xlsx
V02021;2024-07-01;P016;C006;V01;1;655.99;0.0;655.99;0.0;655.99;Loja Física;dataset_vendas_fake.xlsx
V02022;2024-09-20;P011;C019;V05;1;1186.74;0.05;1186.74;59.34;1127.4;E-commerce;dataset_vendas_fake.xlsx
V02023;2024-11-17;P013;C008;V03;1;129.86;0.0;129.86;0.0;129.86;Loja Física;dataset_vendas_fake.xlsx
V02024;2024-05-03;P013;C016;V07;1;150.31;0.0;150.31;0.0;150.31;E-commerce;dataset_vendas_fake.xlsx
V02025;2024-11-30;P013;C025;V03;1;134.07;0.0;134.07;0.0;134.07;Vendedor Externo;dataset_vendas_fake.xlsx
V02026;2024-11-28;P013;C009;V06;1;129.49;0.0;129.49;0.0;129.49;Marketplace;dataset_vendas_fake.xlsx
V02027;2024-01-06;P004;C004;V01;1;247.46;0.0;247.46;0.0;247.46;Loja Física;dataset_vendas_fake.xlsx
V02028;2024-09-07;P017;C008;V03;4;525.19;0.0;2100.76;0.0;2100.76;Vendedor Externo;dataset_vendas_fake.xlsx
V02029;2024-05-20;P004;C026;V02;1;253.84;0.05;253.84;12.69;241.15;Vendedor Externo;dataset_vendas_fake.xlsx
V02030;2024-09-04;P014;C010;V02;1;112.37;0.0;112.37;0.0;112.37;Loja Física;dataset_vendas_fake.xlsx
V02031;2024-06-15;P003;C023;V05;1;68.47;0.0;68.47;0.0;68.47;Vendedor Externo;dataset_vendas_fake.xlsx
V02032;2024-12-24;P001;C013;V07;1;4229.58;0.05;4229.58;211.48;4018.1;Loja Física;dataset_vendas_fake.xlsx
V02033;2024-09-22;P019;C018;V05;1;526.45;0.0;526.45;0.0;526.45;E-commerce;dataset_vendas_fake.xlsx
V02034;2024-12-03;P004;C006;V01;3;247.21;0.05;741.63;37.08;704.55;Loja Física;dataset_vendas_fake.xlsx
V02035;2024-10-11;P015;C026;V07;1;329.08;0.0;329.08;0.0;329.08;Loja Física;dataset_vendas_fake.xlsx
V02036;2024-01-21;P005;C019;V05;1;2133.84;0.0;2133.84;0.0;2133.84;E-commerce;dataset_vendas_fake.xlsx
V02037;2024-02-14;P018;C009;V01;1;979.8;0.2;979.8;195.96;783.84;Loja Física;dataset_vendas_fake.xlsx
V02038;2024-03-04;P017;C010;V07;1;597.8;0.0;597.8;0.0;597.8;E-commerce;dataset_vendas_fake.xlsx
V02039;2024-08-04;P001;C008;V08;1;4786.69;0.0;4786.69;0.0;4786.69;Loja Física;dataset_vendas_fake.xlsx
V02040;2024-09-22;P010;C022;V06;5;429.69;0.0;2148.45;0.0;2148.45;E-commerce;dataset_vendas_fake.xlsx
V02041;2024-10-22;P016;C023;V05;1;619.09;0.0;619.09;0.0;619.09;Marketplace;dataset_vendas_fake.xlsx
V02042;2024-11-06;P018;C017;V04;5;949.09;0.05;4745.45;237.27;4508.18;Loja Física;dataset_vendas_fake.xlsx
V02043;2024-12-05;P002;C008;V03;1;3794.07;0.0;3794.07;0.0;3794.07;E-commerce;dataset_vendas_fake.xlsx
V02044;2024-03-13;P010;C028;V05;1;442.11;0.05;442.11;22.11;420.0;E-commerce;dataset_vendas_fake.xlsx
V02045;2024-11-04;P018;C007;V06;1;791.81;0.0;791.81;0.0;791.81;Marketplace;dataset_vendas_fake.xlsx
V02046;2024-03-06;P020;C014;V04;1;181.18;0.15;181.18;27.18;154.0;Marketplace;dataset_vendas_fake.xlsx
V02047;2024-05-13;P013;C021;V02;2;145.41;0.0;290.82;0.0;290.82;Vendedor Externo;dataset_vendas_fake.xlsx
V02048;2024-08-21;P003;C009;V06;1;57.96;0.1;57.96;5.8;52.16;E-commerce;dataset_vendas_fake.xlsx
V02049;2024-10-01;P007;C003;V07;2;2486.8;0.0;4973.6;0.0;4973.6;E-commerce;dataset_vendas_fake.xlsx
V02050;2024-12-31;P012;C019;V05;1;954.71;0.15;954.71;143.21;811.5;Vendedor Externo;dataset_vendas_fake.xlsx
V02051;2024-03-19;P011;C026;V07;1;1280.78;0.0;1280.78;0.0;1280.78;Vendedor Externo;dataset_vendas_fake.xlsx
V02052;2024-01-14;P020;C008;V03;1;171.02;0.0;171.02;0.0;171.02;Marketplace;dataset_vendas_fake.xlsx
V02053;2024-03-04;P018;C004;V06;2;931.96;0.0;1863.92;0.0;1863.92;Loja Física;dataset_vendas_fake.xlsx
V02054;2024-06-17;P003;C012;V06;2;58.69;0.0;117.38;0.0;117.38;Marketplace;dataset_vendas_fake.xlsx
V02055;2024-03-15;P008;C009;V01;1;1656.37;0.0;1656.37;0.0;1656.37;Loja Física;dataset_vendas_fake.xlsx
V02056;2024-07-12;P008;C013;V02;1;1671.11;0.2;1671.11;334.22;1336.89;Loja Física;dataset_vendas_fake.xlsx
V02057;2024-03-30;P017;C024;V06;1;493.91;0.0;493.91;0.0;493.91;Vendedor Externo;dataset_vendas_fake.xlsx
V02058;2024-02-18;P017;C012;V06;2;482.25;0.1;964.5;96.45;868.05;Marketplace;dataset_vendas_fake.xlsx
V02059;2024-11-07;P004;C029;V01;1;258.2;0.0;258.2;0.0;258.2;E-commerce;dataset_vendas_fake.xlsx
V02060;2024-06-11;P013;C006;V06;1;125.32;0.0;125.32;0.0;125.32;Vendedor Externo;dataset_vendas_fake.xlsx
V02061;2024-09-01;P019;C005;V06;1;450.0;0.0;450.0;0.0;450.0;Loja Física;dataset_vendas_fake.xlsx
V02062;2024-12-17;P017;C023;V05;5;477.92;0.1;2389.6;238.96;2150.64;E-commerce;dataset_vendas_fake.xlsx
V02063;2024-03-14;P013;C019;V05;2;128.63;0.0;257.26;0.0;257.26;Loja Física;dataset_vendas_fake.xlsx
V02064;2024-11-23;P012;C023;V05;1;971.17;0.0;971.17;0.0;971.17;Vendedor Externo;dataset_vendas_fake.xlsx
V02065;2024-12-27;P015;C006;V06;2;331.4;0.0;662.8;0.0;662.8;Marketplace;dataset_vendas_fake.xlsx
V02066;2024-08-27;P017;C010;V07;1;507.38;0.1;507.38;50.74;456.64;Vendedor Externo;dataset_vendas_fake.xlsx
V02067;2024-09-23;P008;C010;V02;1;1530.46;0.05;1530.46;76.52;1453.94;Marketplace;dataset_vendas_fake.xlsx
V02068;2024-07-27;P011;C028;V05;1;1399.09;0.0;1399.09;0.0;1399.09;Loja Física;dataset_vendas_fake.xlsx
V02069;2024-02-09;P008;C003;V02;1;1898.1;0.0;1898.1;0.0;1898.1;Loja Física;dataset_vendas_fake.xlsx
V02070;2024-02-13;P010;C018;V05;1;445.05;0.0;445.05;0.0;445.05;Loja Física;dataset_vendas_fake.xlsx
V02071;2024-08-05;P017;C030;V03;1;491.4;0.0;491.4;0.0;491.4;Vendedor Externo;dataset_vendas_fake.xlsx
V02072;2024-09-11;P017;C022;V01;1;577.79;0.1;577.79;57.78;520.01;Vendedor Externo;dataset_vendas_fake.xlsx
V02073;2024-01-08;P020;C007;V01;1;179.18;0.0;179.18;0.0;179.18;Vendedor Externo;dataset_vendas_fake.xlsx
V02074;2024-12-25;P018;C024;V06;1;948.26;0.05;948.26;47.41;900.85;E-commerce;dataset_vendas_fake.xlsx
V02075;2024-12-04;P017;C022;V01;1;523.77;0.0;523.77;0.0;523.77;Vendedor Externo;dataset_vendas_fake.xlsx
V02076;2024-03-27;P017;C029;V01;2;491.14;0.2;982.28;196.46;785.82;E-commerce;dataset_vendas_fake.xlsx
V02077;2024-02-08;P012;C027;V04;2;901.28;0.0;1802.56;0.0;1802.56;Marketplace;dataset_vendas_fake.xlsx
V02078;2024-01-27;P014;C016;V07;3;108.3;0.0;324.9;0.0;324.9;E-commerce;dataset_vendas_fake.xlsx
V02079;2024-07-10;P004;C011;V03;1;278.12;0.0;278.12;0.0;278.12;Loja Física;dataset_vendas_fake.xlsx
V02080;2024-05-28;P010;C016;V07;2;497.08;0.1;994.16;99.42;894.74;Marketplace;dataset_vendas_fake.xlsx
V02081;2024-04-19;P001;C024;V06;3;4106.23;0.0;12318.69;0.0;12318.69;E-commerce;dataset_vendas_fake.xlsx
V02082;2024-06-05;P017;C027;V04;2;575.67;0.0;1151.34;0.0;1151.34;Vendedor Externo;dataset_vendas_fake.xlsx
V02083;2024-11-12;P016;C002;V06;1;733.97;0.05;733.97;36.7;697.27;Loja Física;dataset_vendas_fake.xlsx
V02084;2024-11-11;P015;C011;V08;1;296.59;0.0;296.59;0.0;296.59;Marketplace;dataset_vendas_fake.xlsx
V02085;2024-02-24;P001;C012;V01;1;4020.25;0.0;4020.25;0.0;4020.25;Vendedor Externo;dataset_vendas_fake.xlsx
V02086;2024-06-30;P001;C004;V06;1;4693.93;0.0;4693.93;0.0;4693.93;Vendedor Externo;dataset_vendas_fake.xlsx
V02087;2024-04-11;P003;C017;V04;2;59.64;0.0;119.28;0.0;119.28;Vendedor Externo;dataset_vendas_fake.xlsx
V02088;2024-03-04;P016;C001;V01;3;626.31;0.2;1878.93;375.79;1503.14;Marketplace;dataset_vendas_fake.xlsx
V02089;2024-04-25;P016;C013;V07;2;684.15;0.2;1368.3;273.66;1094.64;Marketplace;dataset_vendas_fake.xlsx
V02090;2024-07-05;P014;C029;V01;1;101.71;0.0;101.71;0.0;101.71;Marketplace;dataset_vendas_fake.xlsx
V02091;2024-02-25;P015;C022;V06;1;330.74;0.0;330.74;0.0;330.74;E-commerce;dataset_vendas_fake.xlsx
V02092;2024-03-12;P012;C024;V06;1;946.92;0.0;946.92;0.0;946.92;Loja Física;dataset_vendas_fake.xlsx
V02093;2024-07-02;P007;C004;V01;1;2617.44;0.1;2617.44;261.74;2355.7;Marketplace;dataset_vendas_fake.xlsx
V02094;2024-01-21;P005;C013;V07;1;2309.11;0.0;2309.11;0.0;2309.11;Marketplace;dataset_vendas_fake.xlsx
V02095;2024-01-17;P006;C022;V01;2;1049.83;0.0;2099.66;0.0;2099.66;Vendedor Externo;dataset_vendas_fake.xlsx
V02096;2024-12-06;P009;C004;V06;1;388.43;0.0;388.43;0.0;388.43;Vendedor Externo;dataset_vendas_fake.xlsx
V02097;2024-10-08;P016;C026;V02;4;675.97;0.0;2703.88;0.0;2703.88;Marketplace;dataset_vendas_fake.xlsx
V02098;2024-07-23;P017;C024;V06;1;601.58;0.0;601.58;0.0;601.58;E-commerce;dataset_vendas_fake.xlsx
V02099;2024-02-26;P004;C026;V02;3;280.52;0.0;841.56;0.0;841.56;E-commerce;dataset_vendas_fake.xlsx
V02100;2024-03-20;P012;C017;V04;1;977.34;0.0;977.34;0.0;977.34;E-commerce;dataset_vendas_fake.xlsx
V02101;2024-01-27;P011;C014;V04;2;1250.39;0.0;2500.78;0.0;2500.78;Vendedor Externo;dataset_vendas_fake.xlsx
V02102;2024-09-02;P010;C010;V07;2;442.82;0.0;885.64;0.0;885.64;Loja Física;dataset_vendas_fake.xlsx
V02103;2024-08-07;P008;C020;V01;1;1654.28;0.0;1654.28;0.0;1654.28;E-commerce;dataset_vendas_fake.xlsx
V02104;2024-05-07;P009;C025;V03;2;344.15;0.0;688.3;0.0;688.3;Marketplace;dataset_vendas_fake.xlsx
V02105;2024-12-24;P008;C022;V06;2;1613.16;0.0;3226.32;0.0;3226.32;E-commerce;dataset_vendas_fake.xlsx
V02106;2024-08-30;P004;C023;V05;4;270.58;0.0;1082.32;0.0;1082.32;E-commerce;dataset_vendas_fake.xlsx
V02107;2024-10-29;P005;C008;V03;2;1890.38;0.0;3780.76;0.0;3780.76;E-commerce;dataset_vendas_fake.xlsx
V02108;2024-07-24;P002;C009;V01;1;4034.83;0.0;4034.83;0.0;4034.83;E-commerce;dataset_vendas_fake.xlsx
V02109;2024-08-06;P001;C020;V01;1;4216.54;0.15;4216.54;632.48;3584.06;Loja Física;dataset_vendas_fake.xlsx
V02110;2024-01-27;P013;C014;V04;1;134.27;0.0;134.27;0.0;134.27;E-commerce;dataset_vendas_fake.xlsx
V02111;2024-04-23;P011;C014;V04;1;1335.9;0.0;1335.9;0.0;1335.9;Loja Física;dataset_vendas_fake.xlsx
V02112;2024-09-18;P014;C021;V02;1;100.13;0.05;100.13;5.01;95.12;Marketplace;dataset_vendas_fake.xlsx
V02113;2024-02-26;P009;C012;V06;1;329.12;0.0;329.12;0.0;329.12;Marketplace;dataset_vendas_fake.xlsx
V02114;2024-12-30;P014;C008;V08;1;100.25;0.0;100.25;0.0;100.25;Loja Física;dataset_vendas_fake.xlsx
V02115;2024-04-03;P002;C001;V01;2;4308.03;0.0;8616.06;0.0;8616.06;Marketplace;dataset_vendas_fake.xlsx
V02116;2024-04-18;P010;C016;V07;1;430.65;0.2;430.65;86.13;344.52;Loja Física;dataset_vendas_fake.xlsx
V02117;2024-08-08;P006;C009;V06;1;1048.89;0.0;1048.89;0.0;1048.89;Marketplace;dataset_vendas_fake.xlsx
V02118;2024-06-20;P010;C004;V01;1;404.2;0.0;404.2;0.0;404.2;Loja Física;dataset_vendas_fake.xlsx
V02119;2024-12-15;P018;C025;V03;3;985.15;0.0;2955.45;0.0;2955.45;Marketplace;dataset_vendas_fake.xlsx
V02120;2024-07-03;P012;C024;V06;1;1027.49;0.0;1027.49;0.0;1027.49;E-commerce;dataset_vendas_fake.xlsx
V02121;2024-11-28;P009;C007;V06;1;353.25;0.0;353.25;0.0;353.25;Loja Física;dataset_vendas_fake.xlsx
V02122;2024-02-24;P005;C021;V02;1;2114.12;0.0;2114.12;0.0;2114.12;Loja Física;dataset_vendas_fake.xlsx
V02123;2024-10-27;P007;C007;V06;1;2484.24;0.0;2484.24;0.0;2484.24;Loja Física;dataset_vendas_fake.xlsx
V02124;2024-02-08;P018;C020;V06;2;919.09;0.0;1838.18;0.0;1838.18;Marketplace;dataset_vendas_fake.xlsx
V02125;2024-08-30;P007;C018;V05;4;2981.62;0.0;11926.48;0.0;11926.48;Loja Física;dataset_vendas_fake.xlsx
V02126;2024-03-06;P007;C014;V04;1;2867.97;0.1;2867.97;286.8;2581.17;Marketplace;dataset_vendas_fake.xlsx
V02127;2024-07-06;P015;C021;V02;4;327.9;0.0;1311.6;0.0;1311.6;Vendedor Externo;dataset_vendas_fake.xlsx
V02128;2024-02-04;P016;C014;V04;1;604.68;0.0;604.68;0.0;604.68;E-commerce;dataset_vendas_fake.xlsx
V02129;2024-11-02;P009;C023;V05;1;367.49;0.0;367.49;0.0;367.49;Marketplace;dataset_vendas_fake.xlsx
V02130;2024-01-24;P019;C002;V01;2;458.29;0.0;916.58;0.0;916.58;Vendedor Externo;dataset_vendas_fake.xlsx
V02131;2024-09-10;P018;C028;V05;1;864.77;0.05;864.77;43.24;821.53;E-commerce;dataset_vendas_fake.xlsx
V02132;2024-08-12;P017;C013;V07;2;606.76;0.0;1213.52;0.0;1213.52;Vendedor Externo;dataset_vendas_fake.xlsx
V02133;2024-11-06;P009;C007;V01;1;341.33;0.0;341.33;0.0;341.33;Loja Física;dataset_vendas_fake.xlsx
V02134;2024-03-22;P019;C007;V01;3;506.42;0.1;1519.26;151.93;1367.33;Vendedor Externo;dataset_vendas_fake.xlsx
V02135;2024-09-14;P017;C009;V06;1;591.16;0.0;591.16;0.0;591.16;E-commerce;dataset_vendas_fake.xlsx
V02136;2024-05-31;P009;C018;V05;3;341.29;0.0;1023.87;0.0;1023.87;E-commerce;dataset_vendas_fake.xlsx
V02137;2024-04-24;P002;C018;V05;1;4421.88;0.0;4421.88;0.0;4421.88;Marketplace;dataset_vendas_fake.xlsx
V02138;2024-01-21;P005;C029;V06;1;2324.7;0.0;2324.7;0.0;2324.7;E-commerce;dataset_vendas_fake.xlsx
V02139;2024-05-18;P002;C021;V02;1;3916.3;0.0;3916.3;0.0;3916.3;E-commerce;dataset_vendas_fake.xlsx
V02140;2024-09-30;P004;C001;V06;3;273.0;0.0;819.0;0.0;819.0;Marketplace;dataset_vendas_fake.xlsx
V02141;2024-06-15;P003;C023;V05;5;63.58;0.0;317.9;0.0;317.9;E-commerce;dataset_vendas_fake.xlsx
V02142;2024-07-28;P020;C010;V07;1;182.34;0.0;182.34;0.0;182.34;Loja Física;dataset_vendas_fake.xlsx
V02143;2024-11-16;P001;C027;V04;4;4858.87;0.0;19435.48;0.0;19435.48;E-commerce;dataset_vendas_fake.xlsx
V02144;2024-05-23;P006;C009;V01;1;1051.76;0.15;1051.76;157.76;894.0;Loja Física;dataset_vendas_fake.xlsx
V02145;2024-12-18;P013;C021;V07;3;135.88;0.05;407.64;20.38;387.26;E-commerce;dataset_vendas_fake.xlsx
V02146;2024-08-14;P008;C011;V08;1;1732.14;0.0;1732.14;0.0;1732.14;E-commerce;dataset_vendas_fake.xlsx
V02147;2024-10-24;P013;C005;V06;1;136.36;0.0;136.36;0.0;136.36;E-commerce;dataset_vendas_fake.xlsx
V02148;2024-08-10;P012;C005;V06;1;976.95;0.0;976.95;0.0;976.95;Loja Física;dataset_vendas_fake.xlsx
V02149;2024-09-10;P006;C015;V03;1;1007.1;0.2;1007.1;201.42;805.68;E-commerce;dataset_vendas_fake.xlsx
V02150;2024-04-06;P019;C016;V02;1;432.57;0.0;432.57;0.0;432.57;Marketplace;dataset_vendas_fake.xlsx
V02151;2024-01-11;P010;C006;V01;2;511.65;0.0;1023.3;0.0;1023.3;Vendedor Externo;dataset_vendas_fake.xlsx
V02152;2024-12-17;P020;C007;V01;1;203.75;0.0;203.75;0.0;203.75;E-commerce;dataset_vendas_fake.xlsx
V02153;2024-02-06;P014;C008;V08;2;104.4;0.0;208.8;0.0;208.8;Vendedor Externo;dataset_vendas_fake.xlsx
V02154;2024-02-21;P017;C005;V01;1;510.28;0.0;510.28;0.0;510.28;Loja Física;dataset_vendas_fake.xlsx
V02155;2024-07-12;P013;C001;V01;4;127.66;0.1;510.64;51.06;459.58;Loja Física;dataset_vendas_fake.xlsx
V02156;2024-11-25;P002;C005;V01;1;4027.36;0.0;4027.36;0.0;4027.36;Loja Física;dataset_vendas_fake.xlsx
V02157;2024-05-17;P005;C021;V02;4;2277.33;0.0;9109.32;0.0;9109.32;Loja Física;dataset_vendas_fake.xlsx
V02158;2024-02-24;P018;C024;V06;2;915.51;0.2;1831.02;366.2;1464.82;Loja Física;dataset_vendas_fake.xlsx
V02159;2024-04-13;P005;C016;V07;2;2360.45;0.0;4720.9;0.0;4720.9;E-commerce;dataset_vendas_fake.xlsx
V02160;2024-06-06;P011;C016;V02;1;1277.03;0.0;1277.03;0.0;1277.03;E-commerce;dataset_vendas_fake.xlsx
V02161;2024-01-29;P018;C023;V05;1;879.7;0.0;879.7;0.0;879.7;Loja Física;dataset_vendas_fake.xlsx
V02162;2024-01-11;P002;C004;V06;1;3690.94;0.0;3690.94;0.0;3690.94;Loja Física;dataset_vendas_fake.xlsx
V02163;2024-09-18;P014;C005;V01;4;103.82;0.0;415.28;0.0;415.28;E-commerce;dataset_vendas_fake.xlsx
V02164;2024-01-13;P008;C014;V04;2;1753.59;0.0;3507.18;0.0;3507.18;E-commerce;dataset_vendas_fake.xlsx
V02165;2024-06-29;P010;C008;V08;1;424.38;0.2;424.38;84.88;339.5;Loja Física;dataset_vendas_fake.xlsx
V02166;2024-09-08;P006;C004;V01;1;966.1;0.0;966.1;0.0;966.1;Loja Física;dataset_vendas_fake.xlsx
V02167;2024-05-24;P012;C003;V07;1;990.06;0.0;990.06;0.0;990.06;Loja Física;dataset_vendas_fake.xlsx
V02168;2024-07-03;P003;C029;V01;1;63.72;0.0;63.72;0.0;63.72;E-commerce;dataset_vendas_fake.xlsx
V02169;2024-04-01;P014;C017;V04;1;114.95;0.05;114.95;5.75;109.2;E-commerce;dataset_vendas_fake.xlsx
V02170;2024-12-13;P014;C005;V06;3;116.18;0.0;348.54;0.0;348.54;Marketplace;dataset_vendas_fake.xlsx
V02171;2024-06-27;P004;C009;V06;1;274.32;0.1;274.32;27.43;246.89;Marketplace;dataset_vendas_fake.xlsx
V02172;2024-05-15;P003;C026;V02;2;64.26;0.0;128.52;0.0;128.52;E-commerce;dataset_vendas_fake.xlsx
V02173;2024-12-01;P005;C011;V03;2;2256.76;0.2;4513.52;902.7;3610.82;Vendedor Externo;dataset_vendas_fake.xlsx
V02174;2024-08-16;P016;C027;V04;1;637.91;0.0;637.91;0.0;637.91;Loja Física;dataset_vendas_fake.xlsx
V02175;2024-10-22;P014;C024;V06;2;98.66;0.0;197.32;0.0;197.32;E-commerce;dataset_vendas_fake.xlsx
V02176;2024-02-16;P011;C005;V01;5;1120.23;0.1;5601.15;560.12;5041.03;Vendedor Externo;dataset_vendas_fake.xlsx
V02177;2024-06-29;P011;C016;V07;1;1374.66;0.0;1374.66;0.0;1374.66;Vendedor Externo;dataset_vendas_fake.xlsx
V02178;2024-12-21;P014;C020;V06;3;118.06;0.0;354.18;0.0;354.18;E-commerce;dataset_vendas_fake.xlsx
V02179;2024-11-30;P008;C013;V07;1;1605.15;0.0;1605.15;0.0;1605.15;Vendedor Externo;dataset_vendas_fake.xlsx
V02180;2024-10-02;P018;C016;V02;3;874.81;0.0;2624.43;0.0;2624.43;Vendedor Externo;dataset_vendas_fake.xlsx
V02181;2024-02-12;P019;C023;V05;1;520.79;0.2;520.79;104.16;416.63;E-commerce;dataset_vendas_fake.xlsx
V02182;2024-12-25;P003;C008;V08;1;64.04;0.0;64.04;0.0;64.04;Loja Física;dataset_vendas_fake.xlsx
V02183;2024-04-14;P001;C012;V06;1;4563.12;0.0;4563.12;0.0;4563.12;E-commerce;dataset_vendas_fake.xlsx
V02184;2024-02-26;P002;C030;V08;1;3827.42;0.0;3827.42;0.0;3827.42;Marketplace;dataset_vendas_fake.xlsx
V02185;2024-03-12;P010;C015;V03;1;400.95;0.05;400.95;20.05;380.9;Vendedor Externo;dataset_vendas_fake.xlsx
V02186;2024-05-04;P007;C027;V04;2;2618.58;0.0;5237.16;0.0;5237.16;Loja Física;dataset_vendas_fake.xlsx
V02187;2024-03-11;P004;C023;V05;2;285.18;0.0;570.36;0.0;570.36;Vendedor Externo;dataset_vendas_fake.xlsx
V02188;2024-01-14;P014;C012;V01;1;98.58;0.0;98.58;0.0;98.58;Loja Física;dataset_vendas_fake.xlsx
V02189;2024-12-05;P019;C003;V07;1;467.39;0.0;467.39;0.0;467.39;E-commerce;dataset_vendas_fake.xlsx
V02190;2024-01-16;P005;C012;V01;1;2077.89;0.0;2077.89;0.0;2077.89;Loja Física;dataset_vendas_fake.xlsx
V02191;2024-05-05;P003;C001;V06;1;56.34;0.0;56.34;0.0;56.34;E-commerce;dataset_vendas_fake.xlsx
V02192;2024-04-03;P016;C024;V01;3;613.08;0.05;1839.24;91.96;1747.28;Marketplace;dataset_vendas_fake.xlsx
V02193;2024-08-28;P014;C024;V06;3;100.86;0.0;302.58;0.0;302.58;Vendedor Externo;dataset_vendas_fake.xlsx
V02194;2024-11-26;P001;C010;V02;1;4987.51;0.15;4987.51;748.13;4239.38;E-commerce;dataset_vendas_fake.xlsx
V02195;2024-01-31;P002;C020;V01;2;3584.89;0.0;7169.78;0.0;7169.78;E-commerce;dataset_vendas_fake.xlsx
V02196;2024-01-06;P013;C027;V04;1;134.4;0.0;134.4;0.0;134.4;Vendedor Externo;dataset_vendas_fake.xlsx
V02197;2024-10-10;P009;C030;V08;1;381.67;0.0;381.67;0.0;381.67;E-commerce;dataset_vendas_fake.xlsx
V02198;2024-08-04;P006;C009;V01;1;969.08;0.1;969.08;96.91;872.17;Vendedor Externo;dataset_vendas_fake.xlsx
V02199;2024-03-05;P007;C013;V02;2;2556.09;0.0;5112.18;0.0;5112.18;E-commerce;dataset_vendas_fake.xlsx
V02200;2024-07-19;P006;C027;V04;1;1100.59;0.0;1100.59;0.0;1100.59;Vendedor Externo;dataset_vendas_fake.xlsx
